Date,SEB-A.ST,SHB-A.ST,AZN.ST,ERIC-B.ST,SAND.ST
2018-01-02,56.76561737060547,54.65658187866211,561.6561889648438,42.71364974975586,113.25566101074219
2018-01-03,56.836265563964844,54.026119232177734,566.5658569335938,42.94962692260742,115.53413391113281
2018-01-04,57.790016174316406,54.947566986083984,565.583984375,43.106956481933594,117.41976165771484
2018-01-05,58.23744583129883,55.3840446472168,569.217041015625,43.62612533569336,118.4804458618164
2018-01-08,58.46117401123047,55.796268463134766,569.217041015625,43.657588958740234,120.09107208251953
2018-01-09,59.72694396972656,56.960205078125,573.2427368164062,44.06664276123047,120.16963195800781
2018-01-10,60.16849136352539,57.3724365234375,565.4857788085938,43.50025939941406,119.85535430908203
2018-01-11,59.93299865722656,56.86321258544922,564.1111450195312,43.956512451171875,121.15177154541016
2018-01-12,59.72694396972656,56.4752311706543,565.9765625,44.4284782409668,120.99459838867188
2018-01-15,59.432586669921875,55.96602249145508,565.1912231445312,44.33409118652344,122.29097747802734
2018-01-16,59.285404205322266,55.82052230834961,556.3538818359375,44.050899505615234,121.78026580810547
2018-01-17,59.16765213012695,55.869014739990234,551.7389526367188,45.48255157470703,122.1731185913086
2018-01-18,59.5208854675293,56.30549240112305,552.2297973632812,46.01746368408203,122.8802261352539
2018-01-19,58.87328338623047,56.0145149230957,558.51416015625,46.06465530395508,125.04084777832031
2018-01-22,60.25680160522461,56.86321258544922,562.8345336914062,45.057769775390625,125.08016204833984
2018-01-23,59.66807556152344,57.081451416015625,568.9224243164062,44.90046310424805,124.53015899658203
2018-01-24,59.37370300292969,56.741966247558594,560.1834106445312,44.4284782409668,123.94087982177734
2018-01-25,58.08438491821289,55.67502975463867,556.5501708984375,42.94962692260742,123.86233520507812
2018-01-26,58.93216323852539,56.111507415771484,564.8965454101562,42.50912094116211,123.35163879394531
2018-01-29,58.991024017333984,56.13575744628906,562.1470947265625,43.24854278564453,121.74101257324219
2018-01-30,58.42584228515625,55.529544830322266,555.3720092773438,43.81491470336914,121.3088607788086
2018-01-31,58.60247039794922,55.6022834777832,542.9016723632812,39.80313491821289,121.89814758300781
2018-02-01,59.5208854675293,56.25699234008789,542.9999389648438,41.0145378112793,120.40533447265625
2018-02-02,58.93216323852539,55.94176483154297,558.4160766601562,42.32032775878906,117.77333068847656
2018-02-05,57.27192306518555,55.23855209350586,540.1524047851562,40.58976745605469,115.53413391113281
2018-02-06,55.034751892089844,53.73513412475586,522.0849609375,39.441287994384766,114.04134368896484
2018-02-07,56.56544876098633,54.2201042175293,532.19873046875,41.23478698730469,118.28400421142578
2018-02-08,55.80009460449219,53.49264144897461,544.2763061523438,40.55830001831055,114.90558624267578
2018-02-09,55.31733703613281,52.765174865722656,529.7438354492188,40.73135757446289,113.29495239257812
2018-02-12,55.56460189819336,53.20166015625,539.072265625,41.297725677490234,114.47344970703125
2018-02-13,55.02298355102539,53.78362274169922,535.4390869140625,41.549434661865234,113.56993865966797
2018-02-14,56.63610076904297,55.43254089355469,537.8939208984375,41.73822784423828,114.31631469726562
2018-02-15,56.73029327392578,55.82052230834961,526.4127807617188,42.27313232421875,114.90558624267578
2018-02-16,57.26015853881836,56.35398864746094,529.3658447265625,42.54058837890625,116.39836120605469
2018-02-19,57.57807159423828,56.69346618652344,525.6253051757812,42.06861114501953,115.57341003417969
2018-02-20,57.93131637573242,56.402488708496094,533.9920654296875,43.059757232666016,118.4804458618164
2018-02-21,58.07261276245117,56.59648513793945,541.9650268554688,43.122684478759766,118.79470825195312
2018-02-22,57.542747497558594,55.990257263183594,540.7838134765625,42.94962692260742,119.6982192993164
2018-02-23,57.37789535522461,56.0145149230957,541.177490234375,44.00370407104492,118.91255950927734
2018-02-26,57.554527282714844,55.796268463134766,546.5911865234375,44.55433654785156,119.5018081665039
2018-02-27,58.11970901489258,55.21430206298828,547.08349609375,44.5858039855957,120.87675476074219
2018-02-28,57.648719787597656,55.3840446472168,545.0164184570312,43.86211013793945,121.38746643066406
2018-03-01,57.29547882080078,55.57802963256836,539.307373046875,42.66645050048828,118.833984375
2018-03-02,56.118003845214844,54.05036926269531,540.3900756835938,42.304595947265625,113.68777465820312
2018-03-05,56.329952239990234,54.341339111328125,548.0677490234375,43.70479965209961,114.78775024414062
2018-03-06,56.57722473144531,54.72932815551758,546.4927978515625,43.86211013793945,115.8091049194336
2018-03-07,57.22483825683594,55.57802963256836,544.8195190429688,43.6733283996582,114.9841537475586
2018-03-08,58.01373291015625,56.35398864746094,550.7254028320312,44.53860855102539,117.22334289550781
2018-03-09,57.731136322021484,56.25699234008789,546.0992431640625,44.79033660888672,118.28400421142578
2018-03-12,57.96662521362305,56.547977447509766,549.1505737304688,44.63300704956055,117.8125991821289
2018-03-13,57.05998992919922,56.208492279052734,548.7567749023438,44.12955856323242,117.02693939208984
2018-03-14,57.49564743041992,56.25699234008789,544.0319213867188,43.987972259521484,118.00902557373047
2018-03-15,57.542747497558594,55.91751480102539,547.181884765625,44.25541687011719,120.9160385131836
2018-03-16,58.01373291015625,55.77201843261719,553.7766723632812,43.877845764160156,119.81607818603516
2018-03-19,56.706748962402344,54.70507049560547,554.4657592773438,43.106956481933594,117.14476013183594
2018-03-20,56.27108383178711,54.19586181640625,559.8795776367188,42.76084518432617,118.63756561279297
2018-03-21,55.82364273071289,53.662384033203125,561.6513061523438,43.122684478759766,119.65892791748047
2018-03-22,54.328269958496094,52.064720153808594,559.2890625,42.257408142089844,117.26262664794922
2018-03-23,54.62263488769531,52.555301666259766,558.4030151367188,42.430458068847656,116.9483642578125
2018-03-26,54.22229766845703,51.97077941894531,554.4657592773438,41.20332717895508,115.10199737548828
2018-03-27,54.25369644165039,52.24217224121094,563.5214233398438,42.241668701171875,117.69476318359375
2018-03-28,54.22857666015625,53.077205657958984,578.0894775390625,42.44619369506836,116.90906524658203
2018-03-29,54.9067497253418,54.38196563720703,576.1207275390625,42.41413116455078,119.77679443359375
2018-04-03,53.663429260253906,52.816253662109375,581.5345458984375,41.78898239135742,118.20545959472656
2018-04-04,53.71366882324219,52.89453887939453,575.1364135742188,41.29206848144531,116.59480285644531
2018-04-05,54.71836853027344,53.5730094909668,589.8028564453125,42.57443618774414,120.09107208251953
2018-04-06,53.738792419433594,52.659690856933594,586.7513427734375,42.333984375,118.79470825195312
2018-04-09,53.55039978027344,52.450931549072266,588.3263549804688,42.189720153808594,119.54109954833984
2018-04-10,53.738792419433594,52.477027893066406,597.086669921875,42.590457916259766,121.89814758300781
2018-04-11,52.29453659057617,51.33406448364258,597.3821411132812,42.382080078125,120.7981948852539
2018-04-12,52.72153091430664,51.30275344848633,603.583251953125,42.92707824707031,122.99809265136719
2018-04-13,52.68386459350586,51.187931060791016,602.8943481445312,42.478248596191406,123.82305908203125
2018-04-16,52.909915924072266,51.741146087646484,593.2479858398438,42.78281784057617,123.90161895751953
2018-04-17,53.462501525878906,52.189979553222656,591.377685546875,43.93693923950195,125.66939544677734
2018-04-18,53.33690643310547,51.793331146240234,592.3621215820312,43.42399597167969,127.0836410522461
2018-04-19,53.58807373046875,52.189979553222656,589.015380859375,44.5300407409668,126.65148162841797
2018-04-20,53.776466369628906,52.085594177246094,588.4247436523438,52.320377349853516,126.41578674316406
2018-04-23,54.41695785522461,52.581398010253906,593.0510864257812,52.095970153808594,126.69078063964844
2018-04-24,54.27881622314453,51.84552001953125,590.5902709960938,52.70509719848633,123.35163879394531
2018-04-25,53.29922866821289,49.987552642822266,593.44482421875,53.55464553833008,120.13036346435547
2018-04-26,53.83924865722656,51.177490234375,598.7600708007812,52.70509719848633,121.23031616210938
2018-04-27,54.26625442504883,51.824642181396484,606.1424560546875,52.65699768066406,120.523193359375
2018-04-30,51.80473709106445,51.146183013916016,608.0126953125,53.85921859741211,120.7465591430664
2018-05-02,53.19876480102539,51.43844223022461,624.5491333007812,53.474510192871094,122.31626892089844
2018-05-03,52.168949127197266,51.240116119384766,620.1197509765625,52.96156311035156,121.5515365600586
2018-05-04,52.70896911621094,51.542823791503906,619.824462890625,54.61259841918945,121.79301452636719
2018-05-07,52.985260009765625,51.480194091796875,623.2696533203125,55.750701904296875,124.44944763183594
2018-05-08,53.060611724853516,51.89772033691406,622.1868896484375,55.7186393737793,126.38139343261719
2018-05-09,54.09042739868164,52.450931549072266,611.7529907226562,56.4239501953125,128.55482482910156
2018-05-11,53.462501525878906,52.216068267822266,612.7374267578125,54.72481155395508,126.90462493896484
2018-05-14,52.68386459350586,52.14822769165039,616.2808837890625,54.09965515136719,127.14612579345703
2018-05-15,52.985260009765625,52.13779067993164,621.8915405273438,53.923336029052734,127.91084289550781
2018-05-16,52.19406509399414,51.38624954223633,624.844482421875,53.538631439208984,128.6353302001953
2018-05-17,52.78431701660156,52.11690902709961,628.9786376953125,54.01951599121094,129.31956481933594
2018-05-18,52.621063232421875,51.97077941894531,615.0997924804688,54.2278938293457,131.13075256347656
2018-05-21,52.87223434448242,51.542823791503906,629.9629516601562,54.21186065673828,131.53323364257812
2018-05-22,53.475059509277344,51.58457946777344,634.0970458984375,53.25009536743164,131.7344970703125
2018-05-23,52.72153091430664,51.135738372802734,634.4908447265625,52.320377349853516,128.87681579589844
2018-05-24,52.319644927978516,51.25056076049805,632.9158935546875,52.51273727416992,127.74983978271484
2018-05-25,52.0559196472168,51.08355712890625,635.3767700195312,52.30434799194336,127.34736633300781
2018-05-28,51.867530822753906,51.177490234375,635.5735473632812,51.93567657470703,127.10588836669922
2018-05-29,50.800048828125,50.5198974609375,638.0343627929688,51.96773147583008,127.34736633300781
2018-05-30,50.68701171875,50.759971618652344,636.3610229492188,51.45479202270508,124.2481918334961
2018-05-31,49.88325881958008,50.446834564208984,638.231201171875,51.2624397277832,123.1614990234375
2018-06-01,50.62422561645508,51.490631103515625,637.4437255859375,51.438758850097656,125.29467010498047
2018-06-04,50.511192321777344,50.94786071777344,629.4708251953125,51.35860824584961,124.2884521484375
2018-06-05,49.9334831237793,50.36332702636719,628.8801879882812,51.422733306884766,124.2481918334961
2018-06-06,49.9334831237793,50.36332702636719,628.8801879882812,51.422733306884766,124.2481918334961
2018-06-07,50.23489761352539,50.78084945678711,621.5962524414062,50.89375686645508,125.41545104980469
2018-06-08,50.39816665649414,50.78084945678711,623.5647583007812,50.82963180541992,124.65070343017578
2018-06-11,51.50333023071289,51.835086822509766,621.1041870117188,50.653316497802734,125.45567321777344
2018-06-12,51.60380935668945,51.876834869384766,614.312255859375,51.005958557128906,124.61046600341797
2018-06-13,51.05121612548828,50.551212310791016,616.6746215820312,53.41038131713867,124.61046600341797
2018-06-14,52.15638732910156,51.605445861816406,630.356689453125,54.64467239379883,126.05940246582031
2018-06-15,51.905216217041016,50.467708587646484,627.7974243164062,54.54848861694336,124.81169128417969
2018-06-18,51.478214263916016,50.25894546508789,626.6162719726562,54.500396728515625,125.17393493652344
2018-06-19,52.005680084228516,50.95830154418945,626.91162109375,56.07129669189453,122.59797668457031
2018-06-20,52.081031799316406,50.9687385559082,629.2738647460938,56.50408935546875,126.34115600585938
2018-06-21,51.36519241333008,50.624271392822266,619.0370483398438,54.981285095214844,123.00049591064453
2018-06-22,51.36519241333008,50.624271392822266,619.0370483398438,54.981285095214844,123.00049591064453
2018-06-25,51.427982330322266,50.822593688964844,610.6705322265625,54.14775085449219,120.70629119873047
2018-06-26,51.65403366088867,50.864349365234375,609.3908081054688,53.82716751098633,121.18930053710938
2018-06-27,52.319644927978516,51.43844223022461,613.0326538085938,54.340110778808594,125.05317687988281
2018-06-28,52.64616775512695,51.45931625366211,612.4420776367188,53.538631439208984,122.79924011230469
2018-06-29,53.475059509277344,51.96034240722656,619.9228515625,55.5102653503418,127.99136352539062
2018-07-02,52.93503189086914,51.40712356567383,612.1468505859375,54.324066162109375,125.09342956542969
2018-07-03,53.010379791259766,51.42801284790039,603.9769897460938,53.85921859741211,124.65070343017578
2018-07-04,52.997825622558594,51.29230499267578,599.64599609375,53.18598175048828,121.83329010009766
2018-07-05,53.50017166137695,51.501075744628906,598.6617431640625,53.378334045410156,122.07477569580078
2018-07-06,53.412254333496094,51.66807556152344,600.2365112304688,54.14775085449219,121.14904022216797
2018-07-09,53.91461181640625,51.89772033691406,605.9456176757812,54.324066162109375,122.75899505615234
2018-07-10,54.07786560058594,52.15866470336914,611.0640869140625,54.90113830566406,123.56395721435547
2018-07-11,53.2113151550293,51.66807556152344,607.8157958984375,54.0836296081543,121.10881042480469
2018-07-12,53.27410888671875,51.7307014465332,633.60498046875,54.77289962768555,121.83329010009766
2018-07-13,53.33690643310547,51.574134826660156,645.4166259765625,55.28584671020508,123.12123107910156
2018-07-16,53.55039978027344,52.189979553222656,637.8375854492188,54.29201126098633,123.8054428100586
2018-07-17,55.83610153198242,52.816253662109375,643.15283203125,54.163787841796875,123.12123107910156
2018-07-18,55.79841995239258,51.480194091796875,647.4838256835938,58.78028869628906,124.6909408569336
2018-07-19,55.94911575317383,51.72026824951172,650.6336059570312,58.82837677001953,125.25440216064453
2018-07-20,56.62729263305664,53.52082443237305,648.8618774414062,58.58793640136719,124.32869720458984
2018-07-23,56.97893142700195,54.747283935546875,646.49951171875,58.042930603027344,123.12123107910156
2018-07-24,58.096656799316406,55.58232879638672,648.1729125976562,58.187198638916016,127.58885192871094
2018-07-25,58.096656799316406,55.47794723510742,642.1685180664062,58.34748840332031,125.37516784667969
2018-07-26,58.42319869995117,56.18251037597656,668.154541015625,57.594093322753906,128.15235900878906
2018-07-27,58.79994583129883,56.23470687866211,664.0203857421875,56.61629104614258,128.43408203125
2018-07-30,58.762271881103516,56.104217529296875,660.968994140625,56.07129669189453,128.23284912109375
2018-07-31,59.07624816894531,56.70441436767578,674.5524291992188,55.20569610595703,129.4805450439453
2018-08-01,58.78739547729492,56.44346237182617,670.0245971679688,56.11937713623047,128.75607299804688
2018-08-02,58.649253845214844,56.365177154541016,670.3199462890625,55.750701904296875,126.42166137695312
2018-08-03,58.91298294067383,56.652217864990234,676.7180786132812,56.64835739135742,127.22661590576172
2018-08-06,58.624122619628906,56.28689193725586,671.5995483398438,56.8887939453125,126.66314697265625
2018-08-07,59.06368637084961,56.49565124511719,686.7579956054688,57.017032623291016,129.07806396484375
2018-08-08,59.10136032104492,56.626129150390625,687.3485717773438,57.54601287841797,129.60130310058594
2018-08-09,59.93023681640625,57.356788635253906,700.73291015625,57.529991149902344,129.84278869628906
2018-08-10,59.365089416503906,56.67832565307617,711.1766967773438,57.1452751159668,129.23904418945312
2018-08-13,59.28973388671875,56.49565124511719,704.6739501953125,57.06512451171875,128.6353302001953
2018-08-14,59.12648010253906,56.28689193725586,701.52099609375,57.1452751159668,128.03160095214844
2018-08-15,59.20183563232422,56.782691955566406,694.229736328125,56.76055908203125,122.6784896850586
2018-08-16,60.131187438964844,57.408973693847656,692.8504028320312,57.497920989990234,123.56395721435547
2018-08-17,60.14373779296875,57.617733001708984,692.6533813476562,57.642189025878906,125.89839935302734
2018-08-20,60.45771026611328,57.98306655883789,700.4371948242188,58.33145523071289,127.10588836669922
2018-08-21,60.97261428833008,57.87868118286133,698.2694702148438,59.27717971801758,128.7963104248047
2018-08-22,61.763816833496094,57.95697021484375,693.7374267578125,59.6458854675293,128.35357666015625
2018-08-23,61.27403259277344,57.90478515625,688.61376953125,60.65573501586914,125.45567321777344
2018-08-24,61.22378921508789,58.009159088134766,688.5150146484375,62.675453186035156,125.81790924072266
2018-08-27,61.525203704833984,58.452781677246094,691.1753540039062,62.9640007019043,129.40005493164062
2018-08-28,61.28657531738281,58.11354064941406,693.8358764648438,63.07619094848633,130.0037841796875
2018-08-29,61.86426544189453,58.452781677246094,698.9594116210938,63.12427520751953,130.16477966308594
2018-08-30,61.726139068603516,58.217926025390625,700.4371948242188,62.178550720214844,132.86146545410156
2018-08-31,61.28657531738281,57.852596282958984,688.9092407226562,61.825889587402344,128.83657836914062
2018-09-03,61.29913330078125,57.826499938964844,687.924072265625,62.40296173095703,128.75607299804688
2018-09-04,61.06052017211914,57.53944778442383,678.56396484375,62.22663497924805,126.74362182617188
2018-09-05,61.29913330078125,57.12192916870117,667.9229736328125,61.184715270996094,124.20796966552734
2018-09-06,61.726139068603516,57.356788635253906,663.8831787109375,63.22045135498047,122.63825225830078
2018-09-07,61.09820556640625,56.60002517700195,663.5875854492188,62.93193054199219,121.79301452636719
2018-09-10,61.92708206176758,56.626129150390625,671.469970703125,62.22663497924805,123.3224868774414
2018-09-11,60.85958480834961,56.13031768798828,675.6079711914062,62.22663497924805,123.28223419189453
2018-09-12,60.55817794799805,55.6345100402832,669.3021850585938,61.312950134277344,123.64447021484375
2018-09-13,60.87215042114258,55.79108428955078,661.91259765625,62.24266052246094,124.40919494628906
2018-09-14,61.12331771850586,55.97374725341797,666.346435546875,62.691497802734375,125.81790924072266
2018-09-17,60.796791076660156,55.947654724121094,659.7450561523438,61.71369171142578,125.3349380493164
2018-09-18,60.03071594238281,55.42576217651367,656.2964477539062,62.306785583496094,123.08100128173828
2018-09-19,60.00558853149414,55.47794723510742,653.2420654296875,62.40296173095703,125.61666107177734
2018-09-20,61.047969818115234,57.20021438598633,649.8921508789062,61.76177978515625,128.11209106445312
2018-09-21,61.78893280029297,57.617733001708984,651.9612426757812,62.21059799194336,129.1585693359375
2018-09-24,61.47496032714844,57.56554412841797,654.1288452148438,63.15634536743164,127.91084289550781
2018-09-25,61.78893280029297,57.98306655883789,669.3021850585938,64.18223571777344,127.34736633300781
2018-09-26,62.35407257080078,57.80039596557617,678.0712280273438,63.717384338378906,127.42786407470703
2018-09-27,62.95061492919922,58.60934066772461,688.0226440429688,63.9257698059082,129.23904418945312
2018-09-28,62.31639099121094,58.583248138427734,691.7666015625,63.22045135498047,126.985107421875
2018-10-01,62.63036346435547,58.79201126098633,699.55029296875,63.81354904174805,127.02537536621094
2018-10-02,62.16569519042969,58.217926025390625,699.55029296875,63.701351165771484,126.42166137695312
2018-10-03,60.10605239868164,57.7743034362793,714.32958984375,64.35856628417969,127.7096176147461
2018-10-04,60.25676727294922,57.53944778442383,706.1517944335938,64.61502838134766,125.7374267578125
2018-10-05,60.5079345703125,57.27849578857422,700.0430297851562,63.15634536743164,122.83950805664062
2018-10-08,60.16885757446289,56.15641403198242,686.5447387695312,62.451045989990234,122.8797378540039
2018-10-09,59.32741928100586,56.104217529296875,685.6580200195312,63.81354904174805,123.96644592285156
2018-10-10,59.46556854248047,56.54783630371094,685.953369140625,62.06633758544922,117.28514099121094
2018-10-11,58.27248764038086,54.64290237426758,667.6273193359375,59.77411651611328,114.26648712158203
2018-10-12,57.69478225708008,54.747283935546875,655.7053833007812,59.19704818725586,113.86399841308594
2018-10-15,58.297603607177734,54.46024703979492,660.7302856445312,59.1810188293457,112.89803314208984
2018-10-16,58.86274337768555,55.03433609008789,675.9036865234375,61.633544921875,115.8764419555664
2018-10-17,58.109222412109375,54.355857849121094,687.1358032226562,62.51516342163086,115.43370056152344
2018-10-18,56.928707122802734,53.52082443237305,690.7814331054688,66.37828826904297,114.06526184082031
2018-10-19,57.74502182006836,54.27757263183594,697.678466796875,68.0774154663086,109.71836853027344
2018-10-22,57.00404739379883,53.67738723754883,697.579833984375,67.05152893066406,109.23538208007812
2018-10-23,56.53938674926758,53.23377990722656,697.579833984375,65.56078338623047,108.91338348388672
2018-10-24,56.66496276855469,52.9206428527832,696.98876953125,65.32032775878906,108.5511474609375
2018-10-25,58.73715591430664,52.711883544921875,679.0565185546875,63.717384338378906,111.36857604980469
2018-10-26,58.25992965698242,51.96034240722656,670.7801513671875,63.07619094848633,108.95365142822266
2018-10-29,58.27248764038086,52.09604263305664,685.165283203125,63.364715576171875,112.53579711914062
2018-10-30,58.988338470458984,51.96034240722656,692.7517700195312,63.50898361206055,114.22623443603516
2018-10-31,59.503238677978516,51.94990539550781,700.4371948242188,63.94179153442383,116.64117431640625
2018-11-01,59.18927001953125,51.782901763916016,682.2094116210938,64.16619873046875,115.5544662475586
2018-11-02,59.64139175415039,52.15866470336914,684.1801147460938,64.91959381103516,117.36564636230469
2018-11-05,59.55347442626953,51.91858673095703,695.5108032226562,64.96766662597656,115.59471130371094
2018-11-06,59.32741928100586,51.876834869384766,682.2094116210938,64.85546875,115.5544662475586
2018-11-07,59.490684509277344,52.26826477050781,691.569580078125,65.51268005371094,114.95072937011719
2018-11-08,59.85487365722656,52.555301666259766,717.6796264648438,65.48062896728516,114.50798797607422
2018-11-09,59.69162368774414,52.52922058105469,726.9412231445312,65.59284210205078,111.61006927490234
2018-11-12,59.23950958251953,52.03340148925781,733.7396850585938,64.35856628417969,110.12086486816406
2018-11-13,59.478126525878906,52.29436492919922,743.6911010742188,64.91959381103516,110.44285583496094
2018-11-14,58.762271881103516,51.563697814941406,741.6219482421875,62.22663497924805,109.03413391113281
2018-11-15,58.17202377319336,50.69734573364258,728.5177612304688,61.28089904785156,108.18892669677734
2018-11-16,58.86274337768555,50.9687385559082,718.6649169921875,61.681640625,108.91338348388672
2018-11-19,58.624122619628906,50.624271392822266,712.55615234375,60.84809494018555,107.50467681884766
2018-11-20,57.1296501159668,49.72660827636719,724.57666015625,59.1329345703125,105.37150573730469
2018-11-21,57.267784118652344,49.8414306640625,716.10302734375,59.501625061035156,107.34368896484375
2018-11-22,56.891029357910156,49.8414306640625,706.1517944335938,58.603965759277344,105.37150573730469
2018-11-23,56.878475189208984,49.90406036376953,722.1134033203125,60.89618682861328,105.29100036621094
2018-11-26,58.0841064453125,50.446834564208984,714.6251220703125,61.24883270263672,107.58518981933594
2018-11-27,59.32741928100586,51.88726806640625,708.2208862304688,60.4152946472168,104.84825897216797
2018-11-28,59.365089416503906,51.84552001953125,711.373779296875,60.84809494018555,104.8080062866211
2018-11-29,59.67906188964844,52.450931549072266,713.4428100585938,60.8160400390625,108.4303970336914
2018-11-30,59.52836227416992,52.320457458496094,712.3590698242188,60.84809494018555,108.67190551757812
2018-12-03,59.42789077758789,52.477027893066406,710.78271484375,63.02811050415039,109.87935638427734
2018-12-04,58.66181182861328,52.13779067993164,711.373779296875,61.553401947021484,108.95365142822266
2018-12-05,57.71989059448242,51.55326461791992,693.4417114257812,60.3030891418457,106.73995208740234
2018-12-06,55.82353591918945,49.96669006347656,682.1109619140625,61.39308547973633,101.50759887695312
2018-12-07,56.740318298339844,50.84347915649414,682.4065551757812,63.47694396972656,101.70884704589844
2018-12-10,55.94911575317383,50.112815856933594,684.278564453125,63.04414367675781,99.05242919921875
2018-12-11,56.37611770629883,51.3236198425293,698.466552734375,64.35856628417969,101.58810424804688
2018-12-12,57.770145416259766,52.97283172607422,700.9297485351562,66.41036224365234,103.88228607177734
2018-12-13,55.74818420410156,53.5991096496582,698.9594116210938,66.28209686279297,104.12377166748047
2018-12-14,55.38397979736328,53.703487396240234,695.8062133789062,65.8813705444336,103.35905456542969
2018-12-17,55.27095413208008,53.52082443237305,689.0079345703125,65.12798309326172,102.47357940673828
2018-12-18,55.07001495361328,53.546913146972656,685.7564697265625,64.64708709716797,103.27855682373047
2018-12-19,55.37141418457031,53.52082443237305,683.9830932617188,64.48680114746094,102.5540771484375
2018-12-20,54.71836853027344,52.216068267822266,678.859375,63.06017303466797,101.22586059570312
2018-12-21,54.040199279785156,50.770416259765625,675.115478515625,62.46706771850586,100.50138092041016
2018-12-27,53.28667449951172,50.33201217651367,652.0596923828125,60.43130874633789,100.50138092041016
2018-12-28,54.06531524658203,51.30275344848633,663.7847290039062,62.451045989990234,101.70884704589844
2019-01-02,54.14066696166992,51.511512756347656,667.6273193359375,61.825889587402344,101.22586059570312
2019-01-03,54.55510711669922,51.55326461791992,684.278564453125,60.07868576049805,98.77069091796875
2019-01-04,56.099822998046875,52.60749816894531,691.9637451171875,61.52132797241211,104.32502746582031
2019-01-07,55.05746078491211,52.04384994506836,682.8991088867188,62.6113395690918,105.45198822021484
2019-01-08,55.6477165222168,51.6889533996582,673.6375122070312,63.284568786621094,108.2694091796875
2019-01-09,55.760746002197266,51.7307014465332,671.6669921875,65.28826141357422,109.35613250732422
2019-01-10,56.55194091796875,52.52922058105469,669.499267578125,62.75559997558594,107.8669204711914
2019-01-11,56.22541809082031,52.189979553222656,657.2816772460938,60.91221237182617,108.2694091796875
2019-01-14,56.35100173950195,52.13779067993164,635.0144653320312,60.49544906616211,107.8669204711914
2019-01-15,56.1751708984375,51.29230499267578,636.8865966796875,60.527503967285156,107.58518981933594
2019-01-16,57.029170989990234,52.26826477050781,634.7188720703125,60.71985626220703,108.79264068603516
2019-01-17,56.8282356262207,52.216068267822266,642.2069091796875,60.83207702636719,109.19512939453125
2019-01-18,57.73246383666992,52.63359832763672,649.7935180664062,61.77781295776367,112.09304809570312
2019-01-21,57.518959045410156,52.555301666259766,656.2964477539062,61.072509765625,113.82376861572266
2019-01-22,57.29290008544922,52.26826477050781,647.7246704101562,61.24883270263672,112.89803314208984
2019-01-23,56.97893142700195,52.581398010253906,653.2420654296875,61.3289680480957,111.48931121826172
2019-01-24,57.518959045410156,52.37264633178711,647.9215087890625,62.980003356933594,112.9785385131836
2019-01-25,58.14690399169922,52.424827575683594,639.645263671875,64.98371887207031,115.51419830322266
2019-01-28,57.23011016845703,52.075164794921875,633.83203125,63.33266830444336,115.43370056152344
2019-01-29,57.079410552978516,51.35493469238281,637.3790893554688,64.29444122314453,117.40589904785156
2019-01-30,59.80465316772461,51.542823791503906,644.8673706054688,64.18223571777344,116.96315002441406
2019-01-31,59.52836227416992,51.25056076049805,653.2420654296875,64.40665435791016,116.15818786621094
2019-02-01,60.1814079284668,51.40712356567383,654.6214599609375,64.27840423583984,117.04367065429688
2019-02-04,60.54561233520508,51.39669418334961,658.7596435546875,63.94179153442383,117.00341033935547
2019-02-05,61.412166595458984,51.99165725708008,667.8243408203125,63.63723373413086,117.40589904785156
2019-02-06,60.771671295166016,50.467708587646484,671.272705078125,65.2081298828125,118.33163452148438
2019-02-07,60.11861801147461,50.36332702636719,672.0609130859375,64.1982650756836,115.0312271118164
2019-02-08,59.66650390625,50.41551971435547,677.9727783203125,65.12798309326172,114.14573669433594
2019-02-11,59.955360412597656,51.20880126953125,675.115478515625,66.36225128173828,115.47395324707031
2019-02-12,60.231651306152344,52.11690902709961,681.027099609375,67.13166809082031,116.64117431640625
2019-02-13,60.0934944152832,52.659690856933594,674.9182739257812,69.07125854492188,117.00341033935547
2019-02-14,59.86743927001953,52.84235382080078,730.586669921875,69.1994857788086,118.33163452148438
2019-02-15,61.63822555541992,53.5730094909668,742.0159301757812,69.47199249267578,121.67227172851562
2019-02-18,61.387054443359375,53.625205993652344,734.7249755859375,68.75064849853516,120.46480560302734
2019-02-19,62.228477478027344,54.12101364135742,739.454345703125,67.90109252929688,119.45860290527344
2019-02-20,59.62883377075195,54.12101364135742,747.6321411132812,68.33389282226562,122.6784896850586
2019-02-21,57.217559814453125,53.807865142822266,742.705810546875,69.00712585449219,122.55774688720703
2019-02-22,58.54878234863281,54.19928741455078,753.4453735351562,70.35359954833984,123.8859634399414
2019-02-25,58.74972152709961,54.56462097167969,764.3819580078125,69.31168365478516,124.12747955322266
2019-02-26,58.46086120605469,54.695098876953125,772.0672607421875,69.47199249267578,123.84573364257812
2019-02-27,59.15159606933594,55.00823211669922,771.47607421875,68.20564270019531,122.55774688720703
2019-02-28,59.03856658935547,54.98214340209961,755.3541259765625,67.7568130493164,122.15526580810547
2019-03-01,59.503238677978516,55.21699905395508,758.512939453125,68.54227447509766,124.2884521484375
2019-03-04,59.164154052734375,55.11261749267578,764.0409545898438,69.39183044433594,125.21417999267578
2019-03-05,58.95065689086914,54.98214340209961,772.2340698242188,69.18345642089844,123.44322204589844
2019-03-06,58.56134033203125,54.61681365966797,768.9765014648438,68.8788833618164,122.6784896850586
2019-03-07,58.33528518676758,54.486331939697266,770.65478515625,68.70256042480469,119.94158172607422
2019-03-08,58.2850456237793,54.434146881103516,772.431640625,69.74447631835938,119.33783721923828
2019-03-11,58.57390594482422,54.46024703979492,778.3544921875,70.16123962402344,120.34407806396484
2019-03-12,58.109222412109375,53.5991096496582,771.1483764648438,70.04904174804688,119.94158172607422
2019-03-13,57.770145416259766,53.88615036010742,772.1355590820312,70.03300476074219,122.47726440429688
2019-03-14,58.624122619628906,54.06882095336914,779.2427978515625,70.8184585571289,123.84573364257812
2019-03-15,59.11391830444336,54.59071350097656,771.4444580078125,71.47566986083984,124.52993774414062
2019-03-18,60.394901275634766,55.53013610839844,776.8737182617188,70.8344955444336,124.77142333984375
2019-03-19,59.91768264770508,55.712806701660156,777.7621459960938,71.86038208007812,126.50215911865234
2019-03-20,59.30229949951172,55.42576217651367,776.8737182617188,71.8122787475586,124.52993774414062
2019-03-21,59.86743927001953,54.77338409423828,782.5003051757812,72.13287353515625,125.57642364501953
2019-03-22,59.06368637084961,53.86005401611328,778.4529418945312,69.6002197265625,122.07477569580078
2019-03-25,59.25206756591797,53.75567626953125,775.39306640625,69.48800659179688,120.8673095703125
2019-03-26,59.716739654541016,54.53852844238281,781.8093872070312,69.02314758300781,119.05611419677734
2019-03-27,59.24494171142578,55.16481018066406,777.86083984375,68.33389282226562,119.37810516357422
2019-03-28,55.133514404296875,54.65768051147461,790.5948486328125,69.17730712890625,119.82084655761719
2019-03-29,54.243831634521484,54.138916015625,742.6201171875,69.27462768554688,121.5515365600586
2019-04-01,55.254844665527344,53.98991394042969,755.3541259765625,70.48301696777344,125.15784454345703
2019-04-02,56.56240463256836,56.07047653198242,762.5602416992188,71.72381591796875,127.62913513183594
2019-04-03,57.70820236206055,56.64994812011719,752.5902709960938,72.84297943115234,129.80255126953125
2019-04-04,57.991294860839844,57.11903762817383,743.6072998046875,71.91846466064453,129.7220458984375
2019-04-05,57.76213073730469,56.29123306274414,746.2724609375,72.24285888671875,132.0967254638672
2019-04-08,57.81605529785156,56.015296936035156,746.7660522460938,73.18359375,132.0967254638672
2019-04-09,58.813575744628906,56.870704650878906,743.5086669921875,72.58345031738281,132.05648803710938
2019-04-10,59.37974166870117,57.39497375488281,745.9764404296875,73.31336212158203,133.70669555664062
2019-04-11,59.8515510559082,57.36738967895508,730.6759643554688,74.09190368652344,133.94818115234375
2019-04-12,60.92995071411133,57.6433219909668,727.7144775390625,74.12433624267578,135.598388671875
2019-04-15,60.997344970703125,58.25038528442383,727.5169677734375,73.24846649169922,135.6386260986328
2019-04-16,61.59047317504883,58.52632522583008,727.5169677734375,72.74565887451172,134.91416931152344
2019-04-17,61.765708923339844,56.9258918762207,714.38818359375,76.23291015625,136.56436157226562
2019-04-18,61.50959014892578,57.45016098022461,713.8945922851562,76.31401824951172,141.47471618652344
2019-04-23,61.46915054321289,58.057228088378906,718.435302734375,76.62218475341797,140.50872802734375
2019-04-24,61.55002975463867,57.50536346435547,718.7315673828125,77.36829376220703,144.05062866210938
2019-04-25,61.617427825927734,57.50536346435547,726.4312744140625,76.492431640625,144.21165466308594
2019-04-26,62.65540313720703,57.86407470703125,711.9202880859375,77.238525390625,142.48095703125
2019-04-29,62.48015213012695,57.753700256347656,721.3967895507812,77.30340576171875,143.60791015625
2019-04-30,61.078224182128906,57.20181655883789,723.5684814453125,76.23291015625,143.93740844726562
2019-05-02,61.50959014892578,57.753700256347656,710.6370849609375,74.93533325195312,140.823486328125
2019-05-03,61.819637298583984,57.753700256347656,722.28515625,74.61091613769531,139.55332946777344
2019-05-06,61.49611282348633,57.560543060302734,722.0877685546875,74.49740600585938,137.62762451171875
2019-05-07,59.74370193481445,56.26363754272461,720.6070556640625,72.29150390625,135.0463409423828
2019-05-08,59.999820709228516,56.48438262939453,730.4784545898438,72.58345031738281,136.4803924560547
2019-05-09,59.5145378112793,55.51860427856445,731.4654541015625,71.20478820800781,132.9976806640625
2019-05-10,60.1750602722168,55.822139739990234,714.7828979492188,71.74002838134766,132.9567108154297
2019-05-13,59.716739654541016,55.73936080932617,709.5512084960938,70.73440551757812,129.9656982421875
2019-05-14,60.22897720336914,56.09807205200195,716.6585083007812,71.09123992919922,131.8914031982422
2019-05-15,60.26942825317383,55.9325065612793,718.1392211914062,71.67515563964844,132.1372528076172
2019-05-16,60.36377716064453,56.20845413208008,723.9632568359375,73.19981384277344,135.12828063964844
2019-05-17,60.14810562133789,55.849727630615234,720.9031372070312,73.556640625,133.2435302734375
2019-05-20,59.93242645263672,55.51860427856445,716.0663452148438,74.82179260253906,130.37542724609375
2019-05-21,60.14810562133789,55.73936080932617,721.001953125,75.64900207519531,132.46505737304688
2019-05-22,59.31233596801758,54.525230407714844,724.06201171875,78.45500946044922,131.481689453125
2019-05-23,58.80009841918945,53.973350524902344,733.7359619140625,75.87606811523438,125.37675476074219
2019-05-24,59.11014175415039,53.973350524902344,736.4013061523438,76.96279907226562,125.86842346191406
2019-05-27,58.786617279052734,53.64223098754883,726.6284790039062,77.2709732055664,123.98367309570312
2019-05-28,58.42265701293945,52.83649826049805,722.5814208984375,77.04389190673828,124.10658264160156
2019-05-29,57.789085388183594,52.48329162597656,713.6972045898438,73.79994201660156,123.20519256591797
2019-05-31,56.791561126708984,51.611328125,700.1734008789062,74.18921661376953,120.09125518798828
2019-06-03,56.791561126708984,51.22502899169922,712.0191040039062,73.99456787109375,120.1731948852539
2019-06-04,57.82952880859375,51.86518859863281,719.1264038085938,74.44874572753906,123.5329818725586
2019-06-05,57.95085144042969,51.22502899169922,716.5598754882812,74.40007781982422,124.59828186035156
2019-06-07,58.813575744628906,50.7393684387207,722.3838500976562,75.90851593017578,126.68787384033203
2019-06-11,59.21797180175781,51.313316345214844,737.6844482421875,74.9515609741211,130.9490509033203
2019-06-12,58.3822135925293,51.04841995239258,744.1995849609375,74.62714385986328,132.09629821777344
2019-06-13,58.503536224365234,51.04841995239258,745.8777465820312,74.10811614990234,133.7351837158203
2019-06-14,58.67877197265625,50.706260681152344,744.8905639648438,72.40504455566406,132.424072265625
2019-06-18,59.191017150878906,50.849735260009766,767.0023803710938,74.49740600585938,136.02967834472656
2019-06-19,59.420188903808594,51.4016227722168,777.3671264648438,75.42192840576172,135.9886932373047
2019-06-20,59.393211364746094,51.037384033203125,778.4529418945312,76.29779815673828,139.92210388183594
2019-06-24,59.05620574951172,51.07049560546875,764.0409545898438,74.44874572753906,137.8324737548828
2019-06-25,57.883445739746094,50.69521713256836,759.8949584960938,73.68639373779297,137.99636840820312
2019-06-26,58.69225311279297,50.81662368774414,750.3197631835938,72.5185775756836,138.28317260742188
2019-06-27,58.57094192504883,51.07049560546875,752.8863525390625,72.3077392578125,138.89776611328125
2019-06-28,57.91041564941406,50.706260681152344,761.9679565429688,71.4480972290039,139.79917907714844
2019-07-01,58.88096618652344,51.32435607910156,765.0281982421875,71.64271545410156,142.05267333984375
2019-07-02,59.68977737426758,50.849735260009766,768.0881958007812,71.91846466064453,141.6429443359375
2019-07-03,59.757179260253906,51.18086624145508,773.1227416992188,72.98895263671875,139.92210388183594
2019-07-04,60.43118667602539,52.15216827392578,773.4186401367188,71.95089721679688,140.37278747558594
2019-07-05,60.87601852416992,53.75260925292969,771.1483764648438,71.70759582519531,134.8004913330078
2019-07-08,61.1186637878418,54.083736419677734,763.7448120117188,72.46992492675781,135.701904296875
2019-07-09,60.902984619140625,53.829872131347656,765.5216064453125,72.3077392578125,132.2601776123047
2019-07-10,60.94342803955078,53.75260925292969,766.0150756835938,72.38882446289062,130.33445739746094
2019-07-11,60.68730545043945,53.47666549682617,753.676025390625,72.21041107177734,128.28582763671875
2019-07-12,63.65291976928711,53.862979888916016,744.5944213867188,73.05382537841797,129.14625549316406
2019-07-15,63.23503875732422,54.41485595703125,745.1866455078125,73.42689514160156,130.66224670410156
2019-07-16,63.16764450073242,54.11684036254883,745.2853393554688,73.29712677001953,130.1705780029297
2019-07-17,62.561031341552734,50.904930114746094,747.7532348632812,64.61956024169922,125.17186737060547
2019-07-18,62.43971633911133,51.037384033203125,747.4572143554688,66.37129974365234,121.97603607177734
2019-07-19,63.046321868896484,51.05945587158203,748.8391723632812,68.09058380126953,124.35243225097656
2019-07-22,62.601470947265625,50.05504608154297,747.7532348632812,67.16606903076172,124.51631164550781
2019-07-23,63.356361389160156,50.220603942871094,761.8692626953125,68.05815887451172,128.6545867919922
2019-07-24,62.749755859375,49.44798278808594,750.0236206054688,66.92276763916016,127.99899291992188
2019-07-25,62.61495590209961,48.82988357543945,808.2645874023438,68.1068115234375,127.26148223876953
2019-07-26,62.50711441040039,48.50979995727539,811.0283203125,69.33951568603516,127.17955780029297
2019-07-29,62.50711441040039,48.564979553222656,834.0287475585938,69.6476821899414,126.23717498779297
2019-07-30,61.79267120361328,48.079341888427734,826.723876953125,68.82048797607422,123.41004943847656
2019-07-31,61.374786376953125,48.12348937988281,826.0328369140625,69.0151138305664,122.22185516357422
2019-08-01,61.2130241394043,48.2890510559082,837.8785400390625,70.50733947753906,122.63154602050781
2019-08-02,60.14810562133789,47.659908294677734,841.1360473632812,67.49044799804688,118.12456512451172
2019-08-06,58.35525131225586,47.07491683959961,820.5049438476562,65.46298217773438,115.13355255126953
2019-08-07,58.085655212402344,47.40605163574219,827.6123046875,66.30641174316406,114.64189147949219
2019-08-08,58.31480407714844,47.836509704589844,835.2385864257812,67.9608383178711,116.32176971435547
2019-08-09,57.3712043762207,47.25151824951172,839.9807739257812,67.1822738647461,113.49463653564453
2019-08-12,57.38469314575195,47.19633483886719,841.5614624023438,67.50667572021484,111.6098861694336
2019-08-13,57.38469314575195,46.633419036865234,841.3639526367188,67.9932632446289,111.81475830078125
2019-08-14,55.55139923095703,45.61796951293945,836.424072265625,65.25212860107422,107.92233276367188
2019-08-15,55.44355010986328,45.96013259887695,837.9059448242188,64.37625122070312,107.7994155883789
2019-08-16,56.3062858581543,47.07491683959961,846.40283203125,65.20346069335938,109.15152740478516
2019-08-19,56.21192169189453,47.05284881591797,850.947265625,65.85224914550781,111.07723999023438
2019-08-20,55.659236907958984,46.5782356262207,852.7257690429688,66.07933807373047,111.6508560180664
2019-08-21,55.7670783996582,46.5782356262207,862.7044067382812,65.3332290649414,113.90437316894531
2019-08-22,56.31975555419922,46.6886100769043,863.8899536132812,63.646366119384766,113.69949340820312
2019-08-23,55.57835006713867,46.04843521118164,860.0369262695312,63.776126861572266,111.44600677490234
2019-08-26,55.48399353027344,45.783531188964844,855.9861450195312,63.54905319213867,110.21682739257812
2019-08-27,55.60531234741211,46.36852264404297,855.6895751953125,62.835391998291016,111.52794647216797
2019-08-28,55.41659927368164,46.51201248168945,859.5428466796875,60.69437026977539,111.56892395019531
2019-08-29,56.090606689453125,46.96455001831055,874.362548828125,62.28392028808594,113.69949340820312
2019-08-30,56.85896301269531,47.67094421386719,872.287841796875,62.008182525634766,115.33841705322266
2019-09-02,55.75359344482422,47.01972961425781,889.873779296875,61.87842559814453,114.88772583007812
2019-09-03,55.68620300292969,46.6886100769043,876.437255859375,61.58644104003906,114.72382354736328
2019-09-04,56.11756896972656,47.174259185791016,872.682861328125,61.35938262939453,117.05927276611328
2019-09-05,57.49253463745117,48.454612731933594,854.4053344726562,62.39744567871094,118.73916625976562
2019-09-06,57.27684783935547,48.34423065185547,854.6029052734375,62.948917388916016,118.16554260253906
2019-09-09,59.44713592529297,49.75702667236328,829.8046264648438,62.04061508178711,120.00931549072266
2019-09-10,60.1750602722168,51.47887420654297,819.134521484375,63.062461853027344,123.86075592041016
2019-09-11,60.053741455078125,51.87623596191406,822.6912231445312,62.802940368652344,127.05662536621094
2019-09-12,60.83559036254883,52.09698486328125,817.25732421875,63.0137939453125,129.6789093017578
2019-09-13,61.36131286621094,52.538490295410156,817.6525268554688,63.04624557495117,132.9976806640625
2019-09-16,61.239994049072266,52.49433135986328,815.083740234375,62.51099395751953,131.93240356445312
2019-09-17,60.3233528137207,51.42369842529297,824.4695434570312,63.20842742919922,129.8837432861328
2019-09-18,60.471622467041016,50.99323654174805,834.6456909179688,64.3924789428711,129.8837432861328
2019-09-19,61.05126190185547,51.47887420654297,856.5789184570312,64.71688079833984,131.2358856201172
2019-09-20,62.07575607299805,51.567176818847656,866.162353515625,65.91714477539062,129.80181884765625
2019-09-23,60.78166580200195,49.94466781616211,860.2344360351562,64.86286163330078,124.59828186035156
2019-09-24,60.28290939331055,49.41487503051758,868.9287109375,65.43054962158203,123.77880096435547
2019-09-25,60.21549987792969,49.49213790893555,872.3865356445312,64.6844482421875,122.34477233886719
2019-09-26,60.94342803955078,49.88948059082031,882.8591918945312,63.24087905883789,123.41004943847656
2019-09-27,61.01082229614258,50.96012496948242,881.3771362304688,63.97075653076172,125.33577728271484
2019-09-30,60.9838752746582,50.87181854248047,870.7070922851562,63.792354583740234,125.66356658935547
2019-10-01,60.74122619628906,50.849735260009766,855.9861450195312,63.613929748535156,123.082275390625
2019-10-02,59.28538131713867,49.54731369018555,832.3734741210938,62.332557678222656,120.91071319580078
2019-10-03,58.54397201538086,49.26034927368164,841.0676879882812,62.08926773071289,119.10791778564453
2019-10-04,58.2204475402832,49.10581970214844,840.277099609375,61.975738525390625,118.94403076171875
2019-10-07,59.44713592529297,49.62458419799805,853.7136840820312,64.48980712890625,119.72250366210938
2019-10-08,58.840538024902344,48.98440933227539,846.2051391601562,65.36567687988281,117.59191131591797
2019-10-09,59.501060485839844,49.37071990966797,856.282470703125,66.2901840209961,119.39470672607422
2019-10-10,60.43118667602539,50.044010162353516,850.8485717773438,66.40371704101562,122.71351623535156
2019-10-11,62.11619567871094,51.511985778808594,849.5642700195312,67.08495330810547,126.48301696777344
2019-10-14,61.98139572143555,50.971153259277344,859.5428466796875,66.50104522705078,125.58162689208984
2019-10-15,62.85759735107422,51.34642791748047,853.4174194335938,67.49044799804688,128.85940551757812
2019-10-16,63.262001037597656,51.87623596191406,852.824462890625,67.94461059570312,129.51499938964844
2019-10-17,63.27547836303711,51.986602783203125,849.0701904296875,72.1455307006836,130.29348754882812
2019-10-18,63.20807647705078,51.78793716430664,841.3639526367188,71.96710968017578,136.23452758789062
2019-10-21,63.882083892822266,51.986602783203125,836.7205200195312,71.15613555908203,141.56100463867188
2019-10-22,64.62348937988281,52.73716354370117,842.4508056640625,70.62088775634766,140.1679229736328
2019-10-23,64.27300262451172,51.99764633178711,853.614990234375,71.70759582519531,140.65960693359375
2019-10-24,65.10877227783203,54.028541564941406,898.0740966796875,70.57220458984375,139.30747985839844
2019-10-25,64.4752197265625,54.348636627197266,909.2383422851562,70.63709259033203,137.8324737548828
2019-10-28,64.79873657226562,54.87843704223633,918.0313110351562,69.92340850830078,141.6429443359375
2019-10-29,63.94947814941406,54.558345794677734,917.6361083984375,68.13925170898438,141.52003479003906
2019-10-30,63.05979919433594,53.89609909057617,935.9136352539062,68.44742584228516,141.2332305908203
2019-10-31,62.358821868896484,53.34421920776367,930.1834716796875,68.41497802734375,139.59429931640625
2019-11-01,62.102718353271484,52.75923156738281,935.3209838867188,68.38253784179688,139.88111877441406
2019-11-04,63.70683670043945,53.28902816772461,918.821533203125,70.2640380859375,146.3957977294922
2019-11-05,63.86860656738281,53.0351676940918,906.5706787109375,69.2259750366211,146.80552673339844
2019-11-06,63.69336700439453,52.339813232421875,901.2355346679688,69.2584228515625,145.6173095703125
2019-11-07,63.96296310424805,53.0351676940918,892.8377685546875,68.73936462402344,146.19093322753906
2019-11-08,64.00341033935547,52.89168167114258,896.6907958984375,70.66954040527344,147.17428588867188
2019-11-11,64.03036499023438,52.748199462890625,898.46923828125,71.01013946533203,146.55967712402344
2019-11-12,64.46173095703125,53.300079345703125,902.322265625,71.285888671875,146.68260192871094
2019-11-13,63.01936721801758,52.96894454956055,916.7470092773438,70.66954040527344,145.5763397216797
2019-11-14,62.53407669067383,52.4281005859375,907.26220703125,69.92340850830078,145.043701171875
2019-11-15,54.836944580078125,53.22280502319336,897.184814453125,71.36698150634766,147.0923309326172
2019-11-18,54.7965087890625,52.5605583190918,910.1273803710938,70.94527435302734,143.36380004882812
2019-11-19,55.24135971069336,52.89168167114258,905.2862548828125,71.41564178466797,142.99505615234375
2019-11-20,54.756072998046875,51.60029220581055,896.09814453125,70.8641586303711,141.43807983398438
2019-11-21,54.78303527832031,51.79896545410156,907.3611450195312,70.21537780761719,139.84014892578125
2019-11-22,54.621273040771484,52.13009262084961,911.115478515625,69.95586395263672,141.4790496826172
2019-11-25,54.40559005737305,52.472259521484375,927.318359375,71.285888671875,143.60963439941406
2019-11-26,53.866390228271484,52.119056701660156,922.3783569335938,70.71818542480469,142.7492218017578
2019-11-27,55.71316146850586,52.75923156738281,921.9830932617188,70.52354431152344,140.8644561767578
2019-11-28,55.2009162902832,51.611328125,915.6602172851562,70.62088775634766,143.56866455078125
2019-11-29,55.34919738769531,51.87623596191406,916.8457641601562,69.98829650878906,142.708251953125
2019-12-02,54.7965087890625,50.68418502807617,903.4090576171875,69.27462768554688,140.33180236816406
2019-12-03,53.8798713684082,50.02193069458008,898.7657470703125,70.83173370361328,138.5699920654297
2019-12-04,54.99870681762695,50.65106964111328,901.4331665039062,71.48051452636719,143.2818603515625
2019-12-05,55.33571243286133,50.838706970214844,891.6521606445312,70.42623901367188,142.87213134765625
2019-12-06,56.02320098876953,51.04841995239258,895.7030029296875,71.0588150024414,145.98605346679688
2019-12-09,56.56240463256836,51.83208465576172,893.924560546875,70.78306579589844,147.74789428710938
2019-12-10,57.14204025268555,52.295658111572266,896.09814453125,69.87477111816406,146.68260192871094
2019-12-11,57.66775894165039,53.20073318481445,898.370361328125,69.14488220214844,146.51870727539062
2019-12-12,59.029258728027344,54.337589263916016,891.45458984375,69.38816833496094,150.65696716308594
2019-12-13,59.474098205566406,55.73936080932617,896.6907958984375,68.96644592285156,153.23825073242188
2019-12-16,59.62238311767578,55.49101638793945,913.8818359375,70.50733947753906,155.53271484375
2019-12-17,59.98634338378906,56.539573669433594,906.1754150390625,70.50733947753906,155.98342895507812
2019-12-18,58.975345611572266,55.9049186706543,909.53466796875,70.06939697265625,154.0576934814453
2019-12-19,58.92141342163086,55.62898254394531,922.477294921875,67.31204986572266,151.55836486816406
2019-12-20,59.581947326660156,55.73936080932617,944.706787109375,67.08495330810547,151.88612365722656
2019-12-23,59.595420837402344,56.09807205200195,932.7523193359375,67.36070251464844,152.0090789794922
2019-12-27,59.55497741699219,55.849727630615234,933.6412963867188,67.32826232910156,153.56602478027344
2019-12-30,59.36626052856445,55.68416976928711,928.8991088867188,66.14421081542969,149.67361450195312
2020-01-02,61.18606185913086,57.31219482421875,931.1714477539062,68.12301635742188,152.7056121826172
2020-01-03,60.48509979248047,56.45679473876953,931.3689575195312,66.93898010253906,149.50970458984375
2020-01-07,60.956912994384766,56.760318756103516,934.5305786132812,67.73374938964844,151.10765075683594
2020-01-08,60.84906768798828,56.015296936035156,932.1593627929688,67.94461059570312,151.35348510742188
2020-01-09,61.30738830566406,55.9325065612793,939.3715209960938,68.15546417236328,151.14865112304688
2020-01-10,60.41770935058594,55.408226013183594,935.8148193359375,66.63080596923828,149.96043395996094
2020-01-13,60.40421676635742,54.31552505493164,928.5038452148438,67.76617431640625,149.55068969726562
2020-01-14,60.134620666503906,53.56496810913086,936.3088989257812,66.98764038085938,149.714599609375
2020-01-15,59.52801513671875,51.99764633178711,951.2273559570312,67.50667572021484,149.10000610351562
2020-01-16,60.84906768798828,52.946868896484375,944.1139526367188,69.3719482421875,152.37782287597656
2020-01-17,62.008358001708984,53.09035873413086,966.9362182617188,69.29084777832031,154.01675415039062
2020-01-20,61.994873046875,52.97998046875,956.4636840820312,68.67450714111328,155.4097900390625
2020-01-21,62.15663528442383,52.72611999511719,956.2660522460938,68.41497802734375,156.720947265625
2020-01-22,62.08922576904297,52.62678527832031,950.0418090820312,69.27462768554688,153.15631103515625
2020-01-23,61.199554443359375,51.644439697265625,943.71875,68.57717895507812,150.65696716308594
2020-01-24,62.33188247680664,52.13009262084961,946.3864135742188,64.63578033447266,153.72991943359375
2020-01-27,61.18606185913086,51.037384033203125,929.4917602539062,64.14917755126953,149.01803588867188
2020-01-28,63.140682220458984,52.52744674682617,943.817626953125,64.11672973632812,149.50970458984375
2020-01-29,64.36737060546875,52.339813232421875,951.6226806640625,63.338191986083984,152.62364196777344
2020-01-30,63.76076889038086,51.887271881103516,936.3088989257812,61.781089782714844,148.15762329101562
2020-01-31,64.19213104248047,52.25150680541992,929.2941284179688,61.44047927856445,144.34716796875
2020-02-03,63.47768020629883,52.32876968383789,927.7133178710938,61.73243713378906,145.0027313232422
2020-02-04,64.75828552246094,53.079315185546875,930.57861328125,63.338191986083984,149.59164428710938
2020-02-05,65.01441192626953,56.318824768066406,940.952392578125,63.19221878051758,153.52505493164062
2020-02-06,66.65898895263672,59.21617126464844,951.721435546875,64.23029327392578,152.25491333007812
2020-02-07,66.76681518554688,60.51307678222656,946.2874145507812,67.87973022460938,149.1819305419922
2020-02-10,66.94206237792969,61.202911376953125,949.0538940429688,67.31204986572266,149.2638702392578
2020-02-11,67.63628387451172,61.67201232910156,949.3502807617188,71.67515563964844,153.3201904296875
2020-02-12,67.15774536132812,61.423667907714844,942.3355712890625,71.67515563964844,155.61468505859375
2020-02-13,67.3734359741211,60.70622634887695,944.509033203125,71.67515563964844,152.41879272460938
2020-02-14,67.60258483886719,60.457889556884766,914.5733642578125,71.5291748046875,151.10765075683594
2020-02-17,68.3102798461914,60.37510299682617,923.6627197265625,71.46429443359375,150.7798614501953
2020-02-18,68.20919036865234,60.347503662109375,943.71875,71.04258728027344,148.44444274902344
2020-02-19,70.29859924316406,61.97553634643555,955.9698486328125,71.46429443359375,150.2472381591797
2020-02-20,70.13009643554688,61.23051452636719,951.0296630859375,70.96150207519531,150.1243133544922
2020-02-21,68.9168930053711,60.51307678222656,957.5504760742188,70.34513092041016,146.68260192871094
2020-02-24,67.1442642211914,58.553924560546875,924.3543701171875,67.76617431640625,137.3408203125
2020-02-25,66.02542114257812,57.146629333496094,913.8818359375,66.6956787109375,135.25119018554688
2020-02-26,66.07933807373047,57.58814239501953,920.6000366210938,66.72813415527344,139.06166076660156
2020-02-27,63.69336700439453,55.270263671875,881.2798461914062,64.87907409667969,133.12060546875
2020-02-28,61.63092041015625,53.24488067626953,832.10009765625,62.18659210205078,129.80181884765625
2020-03-02,62.318397521972656,53.75260925292969,847.734619140625,62.02440643310547,128.73651123046875
2020-03-03,62.26447296142578,53.708457946777344,857.3331909179688,61.6351203918457,131.03099060058594
2020-03-04,62.3049201965332,54.2934455871582,896.9144897460938,61.71622085571289,131.4407196044922
2020-03-05,61.57699203491211,54.205142974853516,907.6014404296875,60.75923538208008,128.16290283203125
2020-03-06,59.70325469970703,52.91375732421875,873.8583374023438,57.85591125488281,124.02465057373047
2020-03-09,54.621273040771484,50.882850646972656,858.7183837890625,56.169063568115234,115.99398040771484
2020-03-10,53.77202606201172,49.94466781616211,850.2085571289062,56.47722625732422,114.72382354736328
2020-03-11,53.27326583862305,49.227237701416016,842.7869873046875,55.81222152709961,113.98631286621094
2020-03-12,45.872703552246094,43.30009460449219,777.180908203125,49.45407485961914,102.18614196777344
2020-03-13,45.994022369384766,43.69744873046875,753.135009765625,52.7304573059082,104.31673431396484
2020-03-16,42.54312515258789,41.20296859741211,736.60986328125,51.18959045410156,101.120849609375
2020-03-17,45.346981048583984,44.0506477355957,798.5547485351562,55.19586944580078,100.5472412109375
2020-03-18,43.47324752807617,42.328800201416016,794.3988037109375,56.85029602050781,100.91598510742188
2020-03-19,44.44381332397461,45.1875114440918,826.2617797851562,60.87279510498047,102.06324005126953
2020-03-20,43.688926696777344,43.87405014038086,836.1569213867188,60.207786560058594,100.26042175292969
2020-03-23,41.842159271240234,41.65550994873047,784.899169921875,57.22333526611328,94.6881332397461
2020-03-24,43.60805130004883,43.22283935546875,811.4187622070312,61.651336669921875,104.9722900390625
2020-03-25,46.910667419433594,47.1632194519043,815.7726440429688,62.20281219482422,110.13487243652344
2020-03-26,46.614112854003906,47.494346618652344,826.7564697265625,61.31071090698242,119.68152618408203
2020-03-27,44.51121520996094,45.77249526977539,824.28271484375,59.818511962890625,113.9453353881836
2020-03-30,44.538177490234375,43.99546432495117,868.9105834960938,63.808570861816406,115.21549224853516
2020-03-31,45.279579162597656,45.882869720458984,879.6965942382812,65.73870086669922,115.7481460571289
2020-04-01,43.500205993652344,44.48110580444336,873.5614624023438,64.56816864013672,108.04525756835938
2020-04-02,43.56760787963867,43.52084732055664,866.3379516601562,64.83012390136719,110.70849609375
2020-04-03,42.97447967529297,42.28464889526367,880.5872192382812,64.15888977050781,108.00428771972656
2020-04-06,45.45481872558594,43.66433334350586,890.1856689453125,65.28851318359375,113.78145599365234
2020-04-07,47.18026351928711,46.059471130371094,860.9943237304688,65.1902847290039,117.75580596923828
2020-04-08,46.78934097290039,45.45241165161133,858.8175659179688,66.20530700683594,115.95301818847656
2020-04-09,46.762386322021484,45.29788589477539,867.1294555664062,65.48497009277344,114.88772583007812
2020-04-14,46.668025970458984,45.25373077392578,947.4797973632812,67.44950866699219,115.58426666259766
2020-04-15,44.349456787109375,42.637847900390625,946.1934814453125,66.516357421875,108.33206176757812
2020-04-16,43.66196823120117,42.085975646972656,970.1402587890625,68.53002166748047,110.62654113769531
2020-04-17,45.50873947143555,43.98441696166992,981.91552734375,70.88748168945312,115.78910827636719
2020-04-20,45.306541442871094,44.370731353759766,1001.0136108398438,70.60916137695312,119.27180480957031
2020-04-21,43.41932678222656,42.95793151855469,1001.2115478515625,66.58182525634766,112.88004302978516
2020-04-22,46.182743072509766,46.24711227416992,1008.336181640625,69.75785827636719,114.7647933959961
2020-04-23,46.681514739990234,46.77690887451172,1009.7216186523438,68.79195404052734,118.82109069824219
2020-04-24,46.061424255371094,46.357479095458984,1008.9298706054688,66.38538360595703,116.73147583007812
2020-04-27,47.30158615112305,47.64887237548828,1026.147705078125,68.02250671386719,122.139892578125
2020-04-28,48.94615936279297,49.17204666137695,1001.0136108398438,67.26944732666016,125.4996566772461
2020-04-29,53.48894119262695,51.32435607910156,1004.18017578125,68.36629486083984,127.9580307006836
2020-04-30,54.14946746826172,49.83429718017578,1030.8975830078125,69.65963745117188,123.98367309570312
2020-05-04,49.68756866455078,46.335411071777344,1014.2733764648438,66.63095092773438,115.21549224853516
2020-05-05,50.65813064575195,48.04622268676758,1030.1060791015625,67.48226165771484,121.77113342285156
2020-05-06,49.44491958618164,47.20737075805664,1061.7711181640625,66.89288330078125,119.72250366210938
2020-05-07,50.30764389038086,48.35526657104492,1032.876708984375,67.35128784179688,119.96834564208984
2020-05-08,50.8064079284668,48.25593185424805,1030.69970703125,68.44817352294922,122.91837310791016
2020-05-11,50.105445861816406,48.94025802612305,1047.91748046875,68.53002166748047,121.23851013183594
2020-05-12,50.8064079284668,49.59147262573242,1053.656982421875,69.74149322509766,122.71351623535156
2020-05-13,48.35303497314453,46.26918029785156,1065.5313720703125,67.31853485107422,116.60858154296875
2020-05-14,47.557708740234375,45.41930389404297,1040.9908447265625,65.1084213256836,112.51128387451172
2020-05-15,48.002559661865234,46.357479095458984,1030.3037109375,67.17120361328125,115.2564697265625
2020-05-18,50.644649505615234,48.3994140625,1041.78271484375,68.85745239257812,122.87741088867188
2020-05-19,50.8333740234375,47.659908294677734,1021.5957641601562,68.66098022460938,122.18085479736328
2020-05-20,50.15937042236328,47.383975982666016,1027.7310791015625,67.79331970214844,120.58293914794922
2020-05-22,50.253726959228516,47.93584060668945,1055.8338623046875,69.77423858642578,116.56759643554688
2020-05-25,51.049049377441406,47.96895217895508,1057.4171142578125,71.24764251708984,121.5662841796875
2020-05-26,53.11151123046875,48.3994140625,1026.3455810546875,69.93793487548828,124.63924407958984
2020-05-27,54.70215606689453,50.80559539794922,983.1029663085938,68.85745239257812,129.6789093017578
2020-05-28,56.157997131347656,50.47446823120117,1018.2315063476562,70.34722137451172,130.2525177001953
2020-05-29,55.07959747314453,49.194122314453125,1010.1173706054688,70.1016616821289,127.75316619873047
2020-06-01,56.48151779174805,49.514198303222656,1013.8775634765625,70.77287292480469,128.5316619873047
2020-06-02,57.991294860839844,50.662109375,1002.39892578125,71.5750732421875,130.9490509033203
2020-06-03,58.54397201538086,51.67755126953125,1005.763427734375,74.42366027832031,139.3894500732422
2020-06-04,57.964332580566406,51.32435607910156,990.9203491210938,72.88475799560547,139.5123748779297
2020-06-05,58.840538024902344,51.6334114074707,987.16015625,72.36089324951172,144.10130310058594
2020-06-08,58.67877197265625,53.57600402832031,960.640625,70.90385437011719,142.9130859375
2020-06-09,57.896934509277344,52.207359313964844,963.6092529296875,69.80696868896484,141.2742156982422
2020-06-10,56.737648010253906,53.300079345703125,984.5873413085938,70.88748168945312,138.48806762695312
2020-06-11,53.12498474121094,49.32657241821289,961.234375,67.9406509399414,128.12191772460938
2020-06-12,52.76102066040039,49.18308639526367,955.6929321289062,68.43179321289062,127.58930206298828
2020-06-15,52.76102066040039,49.26034927368164,972.2181396484375,68.51364135742188,125.4996566772461
2020-06-16,53.987709045410156,51.026344299316406,1002.39892578125,70.54368591308594,129.51499938964844
2020-06-17,53.987709045410156,50.77248764038086,1003.3885498046875,70.93660736083984,129.5559844970703
2020-06-18,53.286739349365234,50.628997802734375,979.4417724609375,70.4618148803711,131.481689453125
2020-06-22,53.44850540161133,50.02193069458008,987.35791015625,70.4618148803711,129.0233154296875
2020-06-23,54.567352294921875,50.662109375,988.7433471679688,70.36359405517578,133.98101806640625
2020-06-24,53.25978088378906,49.227237701416016,964.2030029296875,68.92292022705078,132.46505737304688
2020-06-25,55.71316146850586,49.98881912231445,979.9364013671875,69.64328002929688,136.84912109375
2020-06-26,53.69115447998047,49.28242111206055,978.5512084960938,70.80562591552734,139.02069091796875
2020-06-29,54.86391067504883,50.220603942871094,978.8480224609375,70.42909240722656,141.35614013671875
2020-06-30,54.392112731933594,48.80781173706055,967.7652587890625,70.52731323242188,142.66726684570312
2020-07-01,54.78303527832031,48.86299133300781,979.6397094726562,70.39634704589844,143.81451416015625
2020-07-02,56.50848388671875,49.76806640625,993.295166015625,71.39498138427734,145.7812042236328
2020-07-03,55.659236907958984,49.32657241821289,978.650146484375,71.34588623046875,144.47006225585938
2020-07-06,57.76213073730469,50.92700958251953,999.6282958984375,75.20947265625,147.62498474121094
2020-07-07,57.29032897949219,50.297874450683594,988.2487182617188,72.47547912597656,147.50204467773438
2020-07-08,57.775611877441406,49.977779388427734,988.9412231445312,71.70603942871094,146.68260192871094
2020-07-09,56.8050422668457,49.07270431518555,981.91552734375,69.97068786621094,145.45343017578125
2020-07-10,57.991294860839844,49.75702667236328,981.0250244140625,70.77287292480469,146.92845153808594
2020-07-13,59.676307678222656,51.10361099243164,983.5977783203125,71.86976623535156,149.22293090820312
2020-07-14,60.88950729370117,51.269168853759766,968.5568237304688,71.5586929321289,147.0923309326172
2020-07-15,59.891971588134766,49.95570755004883,1020.6063842773438,72.3281478881836,151.43544006347656
2020-07-16,61.77919387817383,50.93804168701172,1005.5656127929688,71.73880004882812,142.46241760253906
2020-07-17,61.72526931762695,49.911563873291016,1038.6158447265625,79.94078063964844,144.7568817138672
2020-07-20,60.83559036254883,48.73054504394531,1057.4171142578125,84.06632232666016,141.60195922851562
2020-07-21,60.59296417236328,48.80781173706055,1024.3665771484375,85.25325012207031,138.6519317626953
2020-07-22,60.41770935058594,48.785743713378906,993.4931640625,84.80301666259766,139.5123748779297
2020-07-23,60.36377716064453,48.11244583129883,987.259033203125,85.45787048339844,141.2332305908203
2020-07-24,59.48757553100586,47.50538635253906,975.2857055664062,82.3882827758789,137.6685791015625
2020-07-27,58.96186065673828,47.36189651489258,973.4056396484375,83.4114761352539,139.96307373046875
2020-07-28,59.60890197753906,47.57160568237305,985.9727172851562,82.67477416992188,139.7172393798828
2020-07-29,59.56845474243164,47.43916320800781,977.4627075195312,82.75662994384766,140.126953125
2020-07-30,57.41165542602539,45.882869720458984,993.295166015625,81.05402374267578,135.37411499023438
2020-07-31,57.04768371582031,45.68419647216797,974.69189453125,82.51107025146484,133.2435302734375
2020-08-03,57.964332580566406,46.158817291259766,992.7014770507812,83.98446655273438,137.8734588623047
2020-08-04,57.532962799072266,46.390594482421875,972.416015625,83.77983093261719,137.42274475097656
2020-08-05,57.47905349731445,46.31333541870117,965.3903198242188,82.83848571777344,138.85679626464844
2020-08-06,58.0047607421875,46.11465835571289,960.8385009765625,82.96125793457031,138.3241729736328
2020-08-07,57.546451568603516,45.80561065673828,961.6300048828125,83.12498474121094,138.16024780273438
2020-08-10,58.51701736450195,46.832096099853516,957.078369140625,82.96125793457031,138.85679626464844
2020-08-11,59.23146057128906,48.42150115966797,964.7965698242188,83.5751724243164,145.37147521972656
2020-08-12,58.43613052368164,48.785743713378906,982.6083374023438,84.76211547851562,144.9207763671875
2020-08-13,58.46309280395508,48.59809875488281,969.4342651367188,84.27095794677734,145.28955078125
2020-08-14,57.775611877441406,48.38838195800781,952.8973388671875,82.3064193725586,140.7415313720703
2020-08-17,57.573402404785156,47.869625091552734,976.3658447265625,83.00220489501953,143.93740844726562
2020-08-18,56.832000732421875,47.71509552001953,966.8597412109375,82.1427001953125,141.6839141845703
2020-08-19,57.357723236083984,47.99103546142578,980.1287231445312,83.00220489501953,141.1922607421875
2020-08-20,56.75112533569336,47.57160568237305,974.3854370117188,82.18363189697266,138.24221801757812
2020-08-21,56.95332717895508,47.7371711730957,966.16650390625,81.75797271728516,137.1359405517578
2020-08-24,58.34177017211914,48.4766845703125,985.2778930664062,82.67477416992188,141.7248992919922
2020-08-25,58.36874008178711,48.33319854736328,987.2583618164062,83.49333190917969,141.15126037597656
2020-08-26,58.719215393066406,48.32216262817383,983.79248046875,84.96675872802734,142.83116149902344
2020-08-27,58.32830047607422,48.80781173706055,970.8206787109375,85.45787048339844,141.4790496826172
2020-08-28,58.813575744628906,48.785743713378906,958.3435668945312,82.79755401611328,140.57765197753906
2020-08-31,57.789085388183594,48.024147033691406,956.5613403320312,82.06085968017578,139.1436004638672
2020-09-01,57.735172271728516,48.01311111450195,950.6198120117188,82.06085968017578,139.88111877441406
2020-09-02,57.532962799072266,47.09699249267578,956.3632202148438,82.26549530029297,141.35614013671875
2020-09-03,57.00724792480469,46.24711227416992,941.6088256835938,79.48237609863281,139.92210388183594
2020-09-04,56.44108200073242,45.98221206665039,922.9926147460938,80.21907806396484,141.6839141845703
2020-09-07,57.600372314453125,47.01972961425781,954.2838134765625,80.54651641845703,147.17428588867188
2020-09-08,56.764610290527344,46.86520767211914,954.0857543945312,79.44963073730469,147.42010498046875
2020-09-09,57.398170471191406,47.61576461791992,950.6198120117188,80.21907806396484,152.500732421875
2020-09-10,57.209449768066406,47.825477600097656,934.7763061523438,78.92576599121094,150.82086181640625
2020-09-11,56.4949951171875,47.26255798339844,941.7078247070312,78.663818359375,150.57501220703125
2020-09-14,56.45456314086914,47.36189651489258,942.4010009765625,78.48372650146484,149.96043395996094
2020-09-15,56.13104248046875,45.1875114440918,969.9293212890625,78.97486114501953,150.2882080078125
2020-09-16,57.51948165893555,46.28022384643555,969.0380859375,78.86027526855469,149.79653930664062
2020-09-17,56.81852340698242,43.71952438354492,979.9306640625,79.4005355834961,149.38682556152344
2020-09-18,54.850433349609375,42.79237365722656,985.3768310546875,80.43192291259766,151.68130493164062
2020-09-21,52.69362258911133,41.313350677490234,968.2459106445312,77.45235443115234,144.51104736328125
2020-09-22,52.4375,41.50098419189453,970.6224365234375,78.97486114501953,144.10130310058594
2020-09-23,52.612735748291016,41.42372131347656,1002.3098754882812,79.15494537353516,144.42910766601562
2020-09-24,51.97917556762695,41.125709533691406,984.7828369140625,78.59832763671875,141.7248992919922
2020-09-25,51.60173034667969,41.02637481689453,983.099365234375,78.15630340576172,137.42274475097656
2020-09-28,53.48894119262695,41.942481994628906,988.4465942382812,79.48237609863281,141.88877868652344
2020-09-29,53.31370162963867,41.41268539428711,980.1287231445312,80.30093383789062,143.1999053955078
2020-09-30,53.677669525146484,41.56721115112305,976.1677856445312,80.44828796386719,144.14230346679688
2020-10-01,53.74506759643555,41.66654586791992,968.7410278320312,79.30171203613281,143.89645385742188
2020-10-02,54.02815246582031,41.379573822021484,962.6016845703125,78.34490203857422,141.76585388183594
2020-10-05,54.87739181518555,41.843143463134766,963.7899780273438,78.82331848144531,145.74021911621094
2020-10-06,55.69968032836914,42.240501403808594,952.7984008789062,79.16974639892578,146.10897827148438
2020-10-07,55.133514404296875,41.876258850097656,945.5697631835938,78.44388580322266,147.17428588867188
2020-10-08,55.22787857055664,42.03078842163086,955.571044921875,78.93880462646484,146.88746643066406
2020-10-09,54.809993743896484,41.69966125488281,955.9672241210938,79.2357406616211,146.31385803222656
2020-10-12,56.02320098876953,42.461246490478516,965.8695068359375,79.12025451660156,146.35482788085938
2020-10-13,55.093074798583984,42.09701156616211,958.2446899414062,78.65834045410156,142.01170349121094
2020-10-14,56.077117919921875,43.046234130859375,936.0635986328125,79.02127838134766,141.56100463867188
2020-10-15,56.090606689453125,42.96896743774414,924.3787231445312,78.54286193847656,140.4137725830078
2020-10-16,56.87244415283203,43.289058685302734,933.9840087890625,78.36138916015625,143.11798095703125
2020-10-19,57.3712043762207,43.54292678833008,922.3983764648438,80.3575439453125,143.3228302001953
2020-10-20,57.58689498901367,43.487735748291016,911.1097412109375,81.29788208007812,146.51870727539062
2020-10-21,56.54893112182617,42.86963653564453,902.3956909179688,89.08452606201172,141.39710998535156
2020-10-22,55.942317962646484,42.770301818847656,906.7528076171875,89.90938568115234,141.1103057861328
2020-10-23,56.373687744140625,42.9468994140625,901.1085205078125,89.45570373535156,143.36380004882812
2020-10-26,54.769554138183594,42.0528678894043,914.0804443359375,86.81616973876953,137.2588653564453
2020-10-27,53.704627990722656,41.32438278198242,913.2882080078125,85.37267303466797,136.27549743652344
2020-10-28,52.03310012817383,40.286869049072266,897.1475830078125,83.02184295654297,132.874755859375
2020-10-29,51.62868881225586,40.22063446044922,900.61328125,83.06307220458984,131.2358856201172
2020-10-30,51.42649841308594,39.801212310791016,901.0094604492188,81.89176940917969,129.8837432861328
2020-11-02,52.868865966796875,40.93807601928711,889.5228271484375,82.85686492919922,135.0463409423828
2020-11-03,54.392112731933594,41.776920318603516,908.8322143554688,83.80545043945312,133.03866577148438
2020-11-04,54.931304931640625,42.09701156616211,963.4927978515625,85.0014877319336,131.60462951660156
2020-11-05,55.01218795776367,42.218421936035156,962.007568359375,86.69244384765625,134.63661193847656
2020-11-06,54.917842864990234,41.821075439453125,955.0759887695312,86.4862289428711,136.1116180419922
2020-11-09,59.46062088012695,44.70186233520508,937.4498901367188,88.13594818115234,147.0103759765625
2020-11-10,60.92995071411133,46.23606872558594,966.0674438476562,82.33720397949219,148.5263671875
2020-11-11,60.997344970703125,46.03739929199219,994.982177734375,84.42408752441406,148.36251831054688
2020-11-12,60.72774124145508,46.0042839050293,977.752197265625,85.24895477294922,147.2152557373047
2020-11-13,60.78166580200195,46.24711227416992,983.2975463867188,84.7540512084961,150.53404235839844
2020-11-16,61.239994049072266,46.832096099853516,968.4440307617188,85.99132537841797,155.69662475585938
2020-11-17,61.46915054321289,47.01972961425781,939.3311767578125,86.0325698852539,154.83616638183594
2020-11-18,61.36131286621094,47.14114761352539,930.3201904296875,85.3314208984375,154.59034729003906
2020-11-19,61.49611282348633,47.05284881591797,922.9926147460938,86.07380676269531,153.443115234375
2020-11-20,61.280433654785156,46.898319244384766,945.4706420898438,86.56871795654297,153.89381408691406
2020-11-23,61.617427825927734,47.383975982666016,918.9326171875,85.49640655517578,156.720947265625
2020-11-24,62.95196533203125,48.50979995727539,914.6746826171875,86.28002166748047,160.36752319335938
2020-11-25,62.92499542236328,48.79677200317383,889.2256469726562,85.99132537841797,157.86817932128906
2020-11-26,62.95196533203125,48.609130859375,885.9579467773438,86.07380676269531,159.7938995361328
2020-11-27,62.95196533203125,48.68639373779297,881.1058349609375,87.55854034423828,160.7772216796875
2020-11-30,61.105194091796875,48.068294525146484,899.8212280273438,86.4862289428711,157.62234497070312
2020-12-01,61.819637298583984,48.6312141418457,891.998291015625,86.73369598388672,158.7695770263672
2020-12-02,62.102718353271484,48.885066986083984,900.3162231445312,86.28002166748047,156.96676635742188
2020-12-03,62.08922576904297,48.90714645385742,878.333251953125,85.82634735107422,155.4917449951172
2020-12-04,61.95443344116211,48.785743713378906,903.8811645507812,86.11504364013672,157.41746520996094
2020-12-07,60.87601852416992,48.134525299072266,901.1085205078125,86.44498443603516,156.5570526123047
2020-12-08,60.862552642822266,47.77028274536133,920.0217895507812,87.43482208251953,159.46609497070312
2020-12-09,61.36131286621094,47.70405960083008,914.1793823242188,87.02239227294922,160.57237243652344
2020-12-10,60.45814895629883,46.898319244384766,905.3663330078125,86.19754028320312,159.91680908203125
2020-12-11,59.64934539794922,46.07051467895508,908.8322143554688,82.52692413330078,160.7772216796875
2020-12-14,59.64934539794922,45.79457092285156,855.062744140625,81.97425079345703,163.5634002685547
2020-12-15,58.1934928894043,46.0042839050293,838.4269409179688,82.93934631347656,167.08706665039062
2020-12-16,57.33076095581055,45.739383697509766,856.1520385742188,82.45268249511719,167.57872009277344
2020-12-17,56.88592529296875,45.375144958496094,841.793701171875,82.45268249511719,166.1037139892578
2020-12-18,57.613853454589844,46.0042839050293,829.81201171875,81.57833862304688,166.18565368652344
2020-12-21,56.11756896972656,44.72393798828125,814.1663818359375,80.06059265136719,162.66200256347656
2020-12-22,56.45456314086914,44.768089294433594,807.3336791992188,80.73696899414062,165.20230102539062
2020-12-23,57.30379867553711,45.92702102661133,801.9865112304688,80.86896514892578,164.62867736816406
2020-12-28,57.789085388183594,46.059471130371094,813.7702026367188,81.1329116821289,168.4801025390625
2020-12-29,57.5599250793457,45.92702102661133,821.2960205078125,81.34737396240234,166.3495635986328
2020-12-30,56.95332717895508,45.58485794067383,820.3057250976562,80.53900909423828,164.9564666748047
2021-01-04,56.89940643310547,45.60693359375,822.1870727539062,82.10623931884766,166.267578125
2021-01-05,56.48151779174805,45.308921813964844,820.503662109375,82.56816101074219,165.5300750732422
2021-01-07,59.21797180175781,47.36189651489258,821.8901977539062,81.28138732910156,176.92051696777344
2021-01-08,57.91041564941406,46.6886100769043,822.8803100585938,82.04025268554688,176.92051696777344
2021-01-11,57.19596862792969,46.56719970703125,839.5160522460938,81.36386108398438,177.16635131835938
2021-01-12,58.66529083251953,47.51641845703125,828.82177734375,81.00091552734375,180.52613830566406
2021-01-13,58.813575744628906,47.2404899597168,846.8438720703125,81.03392791748047,178.3135986328125
2021-01-14,59.8515510559082,48.167633056640625,850.8048706054688,81.41336059570312,178.64138793945312
2021-01-15,60.053741455078125,47.77028274536133,854.072509765625,81.71031188964844,178.96917724609375
2021-01-18,60.28290939331055,47.681983947753906,865.6583251953125,82.23821258544922,177.73997497558594
2021-01-19,60.28290939331055,47.89169692993164,869.0248413085938,80.62150573730469,177.0024871826172
2021-01-20,60.78166580200195,48.002071380615234,864.1727905273438,81.61134338378906,178.14968872070312
2021-01-21,62.37232208251953,48.167633056640625,862.6876220703125,80.3740463256836,178.3955535888672
2021-01-22,62.54756164550781,47.84754180908203,870.2133178710938,80.25856018066406,179.46083068847656
2021-01-25,61.17259216308594,46.8431396484375,885.8589477539062,81.92476654052734,178.14968872070312
2021-01-26,61.87355422973633,47.085960388183594,896.0582885742188,82.46918487548828,181.59141540527344
2021-01-27,62.22403335571289,46.489933013916016,879.4224243164062,82.81562042236328,175.60940551757812
2021-01-28,62.466678619384766,46.72172164916992,864.965087890625,81.00091552734375,174.21630859375
2021-01-29,61.57699203491211,46.24711227416992,851.4979248046875,87.14612579345703,171.10238647460938
2021-02-01,61.806156158447266,46.44578170776367,846.4478149414062,88.42465209960938,173.8065948486328
2021-02-02,61.67136001586914,46.41267013549805,840.308349609375,88.13594818115234,172.98715209960938
2021-02-03,61.819637298583984,46.147769927978516,831.7923583984375,90.56927490234375,175.1996612548828
2021-02-04,63.086761474609375,46.898319244384766,844.6653442382812,92.26022338867188,174.3802032470703
2021-02-05,62.250999450683594,46.3464469909668,830.8021850585938,91.80655670166016,174.8719024658203
2021-02-08,63.383323669433594,46.51201248168945,833.3768310546875,91.97154235839844,177.5760955810547
2021-02-09,63.05979919433594,46.08155059814453,835.7533569335938,93.53875732421875,176.51080322265625
2021-02-10,63.49116516113281,46.7879524230957,828.5247802734375,93.25006103515625,176.5927276611328
2021-02-11,63.53159713745117,46.765872955322266,828.5247802734375,93.78621673583984,177.16635131835938
2021-02-12,63.65291976928711,46.898319244384766,847.6360473632812,93.70372772216797,177.0844268798828
2021-02-15,65.23009490966797,47.759239196777344,848.9234008789062,92.46643829345703,176.67466735839844
2021-02-16,65.9849853515625,47.7923583984375,837.1397094726562,91.76531982421875,178.3955535888672
2021-02-17,64.90657806396484,47.43916320800781,849.2203979492188,90.3630599975586,179.0511016845703
2021-02-18,64.86611938476562,47.858585357666016,855.5579223632812,90.56927490234375,179.0511016845703
2021-02-19,65.37837219238281,48.01311111450195,832.28759765625,88.54838562011719,185.19703674316406
2021-02-22,65.52664947509766,48.46564483642578,828.2276000976562,87.51731872558594,185.1150665283203
2021-02-23,65.23009490966797,48.80781173706055,826.84130859375,86.07380676269531,183.55810546875
2021-02-24,65.79625701904297,49.723915100097656,825.5540771484375,85.66136169433594,189.7040557861328
2021-02-25,66.49722290039062,50.06608581542969,810.0550537109375,87.55854034423828,188.96652221679688
2021-02-26,65.49969482421875,49.12789535522461,805.2941284179688,86.93990325927734,185.77066040039062
2021-03-01,66.68594360351562,49.94466781616211,816.4029541015625,89.00203704833984,189.29432678222656
2021-03-02,67.09033966064453,50.143341064453125,801.4259033203125,88.75459289550781,190.0318145751953
2021-03-03,68.00698852539062,50.80559539794922,791.209716796875,87.18736267089844,189.5401611328125
2021-03-04,69.15279388427734,51.73274230957031,801.8226318359375,85.53765106201172,188.3109588623047
2021-03-05,69.01799774169922,52.196311950683594,802.7152709960938,84.05290222167969,188.39291381835938
2021-03-08,71.57920837402344,54.017513275146484,822.9494018554688,86.07380676269531,198.6361083984375
2021-03-09,70.66930389404297,53.730533599853516,837.7281494140625,87.1048812866211,196.42356872558594
2021-03-10,70.8041000366211,54.017513275146484,846.45654296875,88.91956329345703,193.8013153076172
2021-03-11,71.34329986572266,53.49874496459961,822.9494018554688,93.373779296875,196.83328247070312
2021-03-12,71.6466064453125,54.447967529296875,813.9234008789062,93.373779296875,197.89859008789062
2021-03-15,71.34329986572266,53.774681091308594,818.5850830078125,95.47718048095703,194.21104431152344
2021-03-16,71.17479705810547,53.76364517211914,848.6385498046875,96.63197326660156,193.22769165039062
2021-03-17,71.20850372314453,54.83427429199219,840.0093994140625,94.73480224609375,194.12908935546875
2021-03-18,71.68030548095703,55.032958984375,842.4890747070312,95.06473541259766,196.58746337890625
2021-03-19,71.6466064453125,55.055030822753906,837.4305419921875,94.03368377685547,193.30963134765625
2021-03-22,71.51181030273438,54.91154098510742,858.5571899414062,94.03368377685547,192.81796264648438
2021-03-23,71.78140258789062,55.21506881713867,847.8450927734375,96.59072875976562,186.3442840576172
2021-03-24,73.70232391357422,55.822139739990234,837.1329956054688,94.3636245727539,190.93321228027344
2021-03-25,72.6913070678711,54.41014862060547,849.4320678710938,94.65231323242188,187.16372680664062
2021-03-26,73.90452575683594,54.65216827392578,857.9620361328125,96.05457305908203,192.16241455078125
2021-03-29,73.76971435546875,54.352516174316406,880.7750244140625,96.42577362060547,189.94985961914062
2021-03-30,75.11772918701172,55.21690368652344,869.2694702148438,95.68338775634766,196.34164428710938
2021-03-31,74.48796844482422,54.6636962890625,867.7815551757812,96.14099884033203,195.5221710205078
2021-04-01,74.87281799316406,55.14775085449219,861.7311401367188,96.76502990722656,197.9805450439453
2021-04-06,74.87281799316406,55.11317825317383,853.0027465820312,97.46392822265625,199.2916717529297
2021-04-07,75.85246276855469,55.86231231689453,837.9263916015625,97.59705352783203,196.50552368164062
2021-04-08,75.57257080078125,55.35519790649414,845.06787109375,99.42752075195312,196.83328247070312
2021-04-09,75.88744354248047,55.58570861816406,848.5393676757812,99.72705078125,198.96388244628906
2021-04-12,75.99241638183594,55.86231231689453,845.365478515625,98.92829132080078,196.17771911621094
2021-04-13,76.02740478515625,55.666385650634766,835.6451416015625,99.49407958984375,196.42356872558594
2021-04-14,75.22268676757812,55.37825393676758,843.3816528320312,97.0645523071289,193.0637969970703
2021-04-15,74.27803039550781,55.02098083496094,857.9620361328125,97.58040618896484,194.70272827148438
2021-04-16,75.81747436523438,55.91993713378906,854.7881469726562,98.96157836914062,199.45555114746094
2021-04-19,74.80284118652344,55.666385650634766,864.7067260742188,97.0645523071289,195.5221710205078
2021-04-20,72.49368286132812,53.9952392578125,875.1214599609375,96.41556549072266,185.1150665283203
2021-04-21,72.56365203857422,53.97218704223633,888.7098388671875,100.3427505493164,186.1803741455078
2021-04-22,72.38871765136719,53.71863555908203,887.4205322265625,99.72705078125,183.9678497314453
2021-04-23,73.01849365234375,54.283363342285156,873.3360595703125,99.01150512695312,187.81930541992188
2021-04-26,73.92815399169922,54.75590133666992,873.0384521484375,98.67869567871094,186.83595275878906
2021-04-27,74.27803039550781,54.97488021850586,875.815673828125,98.07962799072266,185.3609161376953
2021-04-28,75.11772918701172,55.32062911987305,870.2612915039062,98.1794662475586,184.20297241210938
2021-04-29,76.13236236572266,56.31179428100586,858.0613403320312,96.93142700195312,180.82308959960938
2021-04-30,76.02740478515625,56.57686233520508,888.9082641601562,96.46549224853516,176.8517303466797
2021-05-03,75.74750518798828,56.70364761352539,890.4952392578125,97.0645523071289,181.92153930664062
2021-05-04,74.80284118652344,55.72401428222656,891.0904541015625,94.63502502441406,182.4285125732422
2021-05-05,76.76213073730469,56.69211959838867,901.6040649414062,96.73174285888672,190.9627227783203
2021-05-06,77.21697235107422,56.79584884643555,892.9749145507812,96.01619720458984,193.58209228515625
2021-05-07,76.51722717285156,56.715171813964844,893.0741577148438,96.83159637451172,193.15960693359375
2021-05-10,77.07701873779297,57.24532699584961,901.7032470703125,95.45042419433594,197.89144897460938
2021-05-11,75.1527328491211,56.21959686279297,888.2139892578125,91.93924713134766,193.41310119628906
2021-05-12,75.01276397705078,55.75859069824219,903.2903442382812,92.5882339477539,194.173583984375
2021-05-14,77.07701873779297,57.45277786254883,916.8788452148438,91.73956298828125,196.96197509765625
2021-05-17,76.27230834960938,56.911102294921875,922.2349243164062,91.73956298828125,192.90614318847656
2021-05-18,76.41226196289062,56.991783142089844,926.5990600585938,93.00425720214844,195.18756103515625
2021-05-19,75.57257080078125,56.265689849853516,926.9957885742188,93.0208969116211,183.61148071289062
2021-05-20,76.34227752685547,56.62296676635742,948.5192260742188,94.58511352539062,185.55491638183594
2021-05-21,76.90208435058594,56.83042526245117,949.2135620117188,94.18573760986328,185.3859100341797
2021-05-24,76.65717315673828,56.58839416503906,951.6931762695312,93.1207275390625,184.6254425048828
2021-05-25,76.6921615600586,56.36941909790039,935.7243041992188,92.08902740478516,184.54095458984375
2021-05-26,74.80284118652344,54.6636962890625,936.1209106445312,91.52323150634766,181.83706665039062
2021-05-27,74.3130111694336,54.65216827392578,928.3844604492188,91.80612182617188,186.06190490722656
2021-05-28,75.11772918701172,54.76742935180664,942.4688110351562,92.63815307617188,186.82237243652344
2021-05-31,74.20806121826172,53.5803337097168,944.3533935546875,91.48995208740234,184.70994567871094
2021-06-01,75.22268676757812,54.29490280151367,926.4007568359375,90.64128875732422,189.52626037597656
2021-06-02,75.88744354248047,54.467769622802734,922.2349243164062,90.40831756591797,189.61074829101562
2021-06-03,76.23731994628906,54.59455108642578,928.7811279296875,90.57472229003906,191.80767822265625
2021-06-04,75.85246276855469,53.9952392578125,936.7161254882812,90.5248031616211,190.28672790527344
2021-06-07,76.0623779296875,53.86846160888672,933.6412353515625,90.10879516601562,190.9627227783203
2021-06-08,76.16735076904297,53.707115173339844,924.0202026367188,90.0588607788086,192.0611572265625
2021-06-09,75.67752838134766,53.361358642578125,942.2706298828125,90.20863342285156,192.39913940429688
2021-06-10,75.7824935913086,53.707115173339844,959.1322021484375,90.40831756591797,190.20223999023438
2021-06-11,76.13236236572266,54.133544921875,971.2330322265625,91.39010620117188,189.52626037597656
2021-06-14,76.16735076904297,54.467769622802734,970.836181640625,91.04066467285156,186.82237243652344
2021-06-15,76.51722717285156,54.68675231933594,971.3320922851562,90.5248031616211,187.58282470703125
2021-06-16,76.27230834960938,54.45624923706055,981.44921875,91.24034118652344,187.24484252929688
2021-06-17,76.83211517333984,55.26300048828125,988.6897583007812,91.24034118652344,186.7378692626953
2021-06-18,75.64253234863281,55.06708908081055,987.6978759765625,89.95903015136719,181.66806030273438
2021-06-21,76.86709594726562,55.6087646484375,988.88818359375,90.20863342285156,183.86497497558594
2021-06-22,77.56684112548828,55.631813049316406,983.1354370117188,91.10722351074219,183.35800170898438
2021-06-23,77.706787109375,55.747066497802734,980.0606079101562,88.19511413574219,182.5975341796875
2021-06-24,79.4211654663086,56.65754318237305,983.0360717773438,88.61113739013672,182.68202209472656
2021-06-28,78.09164428710938,56.24264144897461,1015.0734252929688,89.92574310302734,184.79443359375
2021-06-29,78.02167510986328,56.30027389526367,1015.0734252929688,90.54145812988281,187.49832153320312
2021-06-30,77.35692596435547,55.643333435058594,1020.6277465820312,89.49308776855469,184.70994567871094
2021-07-01,77.9866943359375,55.931461334228516,1024.0,90.70784759521484,185.97738647460938
2021-07-02,77.77676391601562,55.98908615112305,1026.578857421875,91.48995208740234,186.7378692626953
2021-07-05,78.58147430419922,56.64601516723633,1018.64404296875,91.78948211669922,187.75181579589844
2021-07-06,77.18199157714844,55.77011489868164,1023.6033935546875,92.73800659179688,184.6254425048828
2021-07-07,78.37155151367188,56.38094711303711,1021.4212036132812,93.8362808227539,188.5122833251953
2021-07-08,77.07701873779297,55.977561950683594,1004.7579956054688,92.77127838134766,186.06190490722656
2021-07-09,78.19661712646484,56.81889724731445,1016.6603393554688,93.30378723144531,188.8502960205078
2021-07-12,79.03630828857422,57.510398864746094,1032.927001953125,93.52011108398438,189.77975463867188
2021-07-13,78.86137390136719,57.24532699584961,1035.902587890625,96.21588897705078,192.23016357421875
2021-07-14,79.4561538696289,57.5565071105957,1028.5626220703125,95.88307189941406,195.35653686523438
2021-07-15,81.73033142089844,57.94259262084961,992.260498046875,95.40050506591797,192.7371368408203
2021-07-16,82.1851577758789,57.10702896118164,986.4085083007812,86.3979263305664,183.18899536132812
2021-07-19,78.47650909423828,55.03249740600586,979.1678466796875,84.73387145996094,182.0905303955078
2021-07-20,78.93134307861328,54.97488021850586,991.7645874023438,84.00169372558594,184.79443359375
2021-07-21,80.05094146728516,55.71248245239258,999.0052490234375,85.466064453125,188.4278106689453
2021-07-22,79.70106506347656,55.27452850341797,1001.7824096679688,84.4343490600586,190.1177215576172
2021-07-23,80.22587585449219,55.447410583496094,1005.9481201171875,84.8337173461914,191.72315979003906
2021-07-26,80.7156982421875,56.15043640136719,979.762939453125,83.71881103515625,191.63865661621094
2021-07-27,80.40081787109375,56.12738037109375,977.3825073242188,81.83008575439453,190.3712158203125
2021-07-28,80.7156982421875,55.631813049316406,981.3499755859375,82.77029418945312,190.3712158203125
2021-07-29,81.52040100097656,56.161964416503906,979.8621826171875,82.3542709350586,192.23016357421875
2021-07-30,81.55538940429688,55.95450973510742,979.6637573242188,82.26273345947266,189.52626037597656
2021-08-02,81.76531219482422,56.104339599609375,978.870361328125,83.71881103515625,189.01927185058594
2021-08-03,82.43006896972656,56.173492431640625,984.4248046875,83.13638305664062,189.1882781982422
2021-08-04,82.77995300292969,56.542293548583984,980.1597900390625,83.03652954101562,190.1177215576172
2021-08-05,83.3397445678711,57.0033073425293,992.4588623046875,82.7203598022461,187.92080688476562
2021-08-06,83.16481018066406,57.22228240966797,972.1255493164062,83.33607482910156,188.08981323242188
2021-08-09,83.40972137451172,57.42973327636719,980.3580932617188,83.86857604980469,187.83631896972656
2021-08-10,83.54966735839844,57.38363265991211,975.4978637695312,83.9684066772461,187.32933044433594
2021-08-11,83.51467895507812,57.52193069458008,976.9856567382812,83.86857604980469,190.45571899414062
2021-08-12,83.30476379394531,57.68328094482422,992.318115234375,83.75209045410156,194.34255981445312
2021-08-13,83.68962860107422,58.49004364013672,1001.8462524414062,83.53575134277344,192.23016357421875
2021-08-16,82.15017700195312,57.59108352661133,1008.1984252929688,82.41251373291016,188.08981323242188
2021-08-17,82.11518859863281,56.95719909667969,1019.7117919921875,83.11141967773438,187.16033935546875
2021-08-18,81.13554382324219,56.611446380615234,1039.1649169921875,82.69540405273438,183.86497497558594
2021-08-19,79.87600708007812,55.95450973510742,1040.35595703125,82.28771209716797,178.5417022705078
2021-08-20,81.55538940429688,56.55381774902344,1038.9664306640625,83.05317687988281,180.0626220703125
2021-08-23,81.66035461425781,56.70364761352539,1024.078857421875,83.45255279541016,182.25955200195312
2021-08-24,81.41544342041016,56.51924133300781,1008.5955810546875,84.61740112304688,182.76654052734375
2021-08-25,82.22014617919922,56.69211959838867,1014.9474487304688,85.49935150146484,187.49832153320312
2021-08-26,82.32511901855469,57.049400329589844,1018.718994140625,86.8638687133789,188.4278106689453
2021-08-27,82.22014617919922,56.80736541748047,1012.366943359375,85.69903564453125,188.6812744140625
2021-08-30,82.15017700195312,56.64601516723633,1006.411865234375,85.58253479003906,191.38519287109375
2021-08-31,81.1005630493164,55.931461334228516,1002.4418334960938,85.11662292480469,185.8928985595703
2021-09-01,81.97523498535156,56.438568115234375,1001.2508544921875,85.69903564453125,185.80841064453125
2021-09-02,83.02487182617188,56.934146881103516,1015.14599609375,86.48113250732422,186.99136352539062
2021-09-03,82.74496459960938,56.70364761352539,1001.44921875,85.6324691772461,186.484375
2021-09-06,84.45934295654297,57.79853439331055,1017.3295288085938,85.54927062988281,189.94876098632812
2021-09-07,84.42434692382812,57.302955627441406,994.1046752929688,86.01520538330078,191.4696807861328
2021-09-08,83.3397445678711,56.39247512817383,979.4154663085938,84.8337173461914,185.13241577148438
2021-09-09,84.70425415039062,56.36941909790039,968.5969848632812,85.43277740478516,185.3014373779297
2021-09-10,83.79458618164062,54.98640441894531,967.1082153320312,85.09996795654297,186.14639282226562
2021-09-13,84.87918853759766,55.078609466552734,956.1905517578125,85.11662292480469,184.54095458984375
2021-09-14,84.42434692382812,54.23727035522461,959.962158203125,84.08488464355469,183.5269775390625
2021-09-15,84.84419250488281,54.31794738769531,959.5650634765625,83.1863021850586,182.51303100585938
2021-09-16,85.96379089355469,54.8826789855957,961.1531982421875,83.48582458496094,183.5269775390625
2021-09-17,85.998779296875,54.894195556640625,956.7860717773438,81.91329193115234,179.2176513671875
2021-09-20,83.58464813232422,54.14506912231445,1006.21337890625,80.16603088378906,172.03543090820312
2021-09-21,82.98987579345703,54.26031494140625,1019.7117919921875,79.88314056396484,170.17649841308594
2021-09-22,84.10946655273438,55.04403305053711,1005.617919921875,80.33244323730469,174.73931884765625
2021-09-23,86.97843170166016,56.02366256713867,1020.30712890625,82.15458679199219,177.86569213867188
2021-09-24,86.03376007080078,56.01213455200195,1039.5618896484375,83.91849517822266,176.51376342773438
2021-09-27,87.7481460571289,56.64601516723633,1015.14599609375,84.73387145996094,174.99281311035156
2021-09-28,85.998779296875,56.104339599609375,992.5166625976562,83.33607482910156,170.7679901123047
2021-09-29,86.69851684570312,56.63449478149414,1034.2021484375,82.37091827392578,169.24703979492188
2021-09-30,86.69851684570312,56.65754318237305,1047.8994140625,83.29547882080078,170.00750732421875
2021-10-01,87.36328125,56.79584884643555,1032.21728515625,82.43815612792969,168.44430541992188
2021-10-04,86.24369812011719,56.58839416503906,1042.3409423828125,82.48018646240234,167.55709838867188
2021-10-05,87.43326568603516,56.95719909667969,1044.9217529296875,83.83341217041016,171.52847290039062
2021-10-06,86.83847045898438,57.79853439331055,1040.157470703125,83.90906524658203,168.6555633544922
2021-10-07,88.13300323486328,58.43241500854492,1052.464599609375,86.35498046875,174.73931884765625
2021-10-08,88.23796844482422,59.06629943847656,1053.45703125,86.11962127685547,175.16180419921875
2021-10-11,88.16799926757812,59.152740478515625,1061.19873046875,88.03601837158203,175.49978637695312
2021-10-12,88.48287963867188,59.786617279052734,1051.47216796875,88.13687896728516,175.33079528808594
2021-10-13,88.3779067993164,59.70018768310547,1046.1123046875,88.87654113769531,176.51376342773438
2021-10-14,88.83275604248047,60.045936584472656,1035.19482421875,88.65799713134766,179.04864501953125
2021-10-15,89.84738159179688,60.44931411743164,1033.8052978515625,88.91015625,179.38662719726562
2021-10-18,90.2672348022461,61.227256774902344,1026.26220703125,89.26317596435547,179.97813415527344
2021-10-19,91.38682556152344,61.86114501953125,1032.21728515625,85.9347152709961,184.37196350097656
2021-10-20,92.61138916015625,58.9222297668457,1033.0115966796875,85.76661682128906,182.4285125732422
2021-10-21,94.60565185546875,59.23917770385742,1041.547119140625,86.2877426147461,185.4704132080078
2021-10-22,96.56494140625,59.76665496826172,1056.0377197265625,83.77458190917969,189.94876098632812
2021-10-25,96.98478698730469,59.94710922241211,1049.4871826171875,80.81595611572266,186.484375
2021-10-26,95.55030822753906,60.079437255859375,1060.6033935546875,81.17738342285156,186.14639282226562
2021-10-27,95.2704086303711,59.790706634521484,1052.464599609375,80.1435317993164,183.44247436523438
2021-10-28,94.81558227539062,59.55010223388672,1061.19873046875,79.31141662597656,184.20297241210938
2021-10-29,93.9408950805664,59.153099060058594,1059.61083984375,79.00884246826172,183.78048706054688
2021-11-01,95.0255126953125,59.405738830566406,1059.015380859375,78.3868408203125,184.6254425048828
2021-11-02,96.0401382446289,59.95913314819336,1087.599609375,77.26895904541016,184.6254425048828
2021-11-03,97.61456298828125,61.05388641357422,1082.438720703125,78.60538482666016,184.28746032714844
2021-11-04,96.80986785888672,60.51252746582031,1087.2027587890625,78.65581512451172,187.16033935546875
2021-11-05,98.17436218261719,61.38473129272461,1078.865478515625,79.8493423461914,186.7378692626953
2021-11-08,98.06939697265625,60.84336471557617,1079.06396484375,80.15193939208984,188.93478393554688
2021-11-09,97.61456298828125,60.422306060791016,1071.1240234375,80.597412109375,188.0053253173828
2021-11-10,98.10438537597656,60.51252746582031,1088.790771484375,80.90840911865234,187.32933044433594
2021-11-11,98.7341537475586,61.0839729309082,1088.1951904296875,80.9588394165039,189.86424255371094
2021-11-12,98.87409973144531,61.05388641357422,1023.4830322265625,81.06809997558594,191.55418395996094
2021-11-15,100.24335479736328,61.71556091308594,1047.1051025390625,80.2023696899414,190.79371643066406
2021-11-16,100.1712875366211,61.505035400390625,1011.771484375,81.05130004882812,193.7510986328125
2021-11-17,98.11741638183594,61.14412307739258,1022.0936279296875,82.58946228027344,199.83485412597656
2021-11-18,98.40567779541016,60.72305679321289,999.0671997070312,81.421142578125,197.0464630126953
2021-11-19,97.93724060058594,59.92304992675781,1012.9624633789062,82.54741668701172,196.37051391601562
2021-11-22,99.3064956665039,60.57268142700195,1011.572998046875,77.924560546875,201.10232543945312
2021-11-23,98.80204010009766,60.181697845458984,1018.5205688476562,77.49589538574219,198.7364044189453
2021-11-24,99.05426788330078,60.211769104003906,1022.8875122070312,80.65625,200.4263458251953
2021-11-25,99.55872344970703,60.72305679321289,1024.6741943359375,80.32003784179688,202.1162872314453
2021-11-26,92.85662841796875,57.25231170654297,1015.7416381835938,77.96659851074219,192.1456756591797
2021-11-29,94.766357421875,57.9500732421875,1010.3819580078125,78.8575439453125,193.83558654785156
2021-11-30,94.91048431396484,57.649314880371094,993.7076416015625,76.62175750732422,189.61074829101562
2021-12-01,96.13560485839844,58.467376708984375,997.8763427734375,78.88275909423828,195.86349487304688
2021-12-02,95.81130981445312,58.070377349853516,986.0652465820312,78.47090148925781,195.0185546875
2021-12-03,94.83842468261719,57.44479751586914,982.2937622070312,77.07563781738281,193.66661071777344
2021-12-06,96.7842025756836,58.8884391784668,1005.617919921875,79.13491821289062,198.56739807128906
2021-12-07,97.43279266357422,58.8884391784668,986.6608276367188,80.42931365966797,202.53875732421875
2021-12-08,95.01859283447266,57.92600631713867,982.9885864257812,78.65581512451172,200.51084899902344
2021-12-09,93.36107635498047,57.25231170654297,994.7001953125,79.1937484741211,199.75035095214844
2021-12-10,93.43313598632812,56.927494049072266,976.2393188476562,79.7989273071289,198.39842224121094
2021-12-13,92.06389617919922,56.013187408447266,987.951171875,79.3702621459961,197.72244262695312
2021-12-14,91.5954818725586,56.013187408447266,994.5016479492188,79.88298034667969,196.70848083496094
2021-12-15,89.57763671875,55.483848571777344,995.4942626953125,80.26960754394531,197.72244262695312
2021-12-16,89.57763671875,56.63876724243164,1019.1161499023438,81.16056823730469,202.28526306152344
2021-12-17,88.71283721923828,56.27785110473633,1025.865234375,81.49677276611328,199.49688720703125
2021-12-20,86.65897369384766,55.95303726196289,1020.7041015625,80.715087890625,199.66587829589844
2021-12-21,87.81201171875,56.99968338012695,1036.9813232421875,81.91703033447266,201.10232543945312
2021-12-22,87.6318588256836,56.80718994140625,1035.989013671875,81.63966369628906,204.3131866455078
2021-12-23,89.79383087158203,58.0342903137207,1042.9365234375,82.8752212524414,212.8473663330078
2021-12-27,89.93797302246094,58.38316345214844,1043.33349609375,83.51402282714844,212.7628631591797
2021-12-28,90.87480926513672,58.96061325073242,1048.8916015625,83.44678497314453,215.29776000976562
2021-12-29,90.73067474365234,58.78015899658203,1051.0751953125,83.61488342285156,215.12876892089844
2021-12-30,90.69465637207031,58.86437225341797,1054.8468017578125,83.87545013427734,213.4388427734375
2022-01-03,92.1719970703125,59.77867889404297,1052.464599609375,84.45540618896484,217.41021728515625
2022-01-04,92.24406433105469,59.75461196899414,1034.7977294921875,84.5394515991211,220.8745574951172
2022-01-05,91.70355987548828,59.826805114746094,1032.21728515625,84.18644714355469,219.69161987304688
2022-01-07,92.09992980957031,60.66291046142578,1027.254638671875,84.27049255371094,214.95977783203125
2022-01-10,91.23513793945312,60.753135681152344,1022.292236328125,85.14463806152344,211.24192810058594
2022-01-11,91.73960876464844,60.90351867675781,1038.1724853515625,85.98515319824219,214.5373077392578
2022-01-12,92.71249389648438,61.20426940917969,1037.1798095703125,86.59032440185547,215.88925170898438
2022-01-13,93.03678894042969,62.07646560668945,1031.6217041015625,86.23731231689453,217.32569885253906
2022-01-14,92.13595581054688,62.10655212402344,1042.142333984375,86.10282135009766,209.12950134277344
2022-01-17,91.27117156982422,61.926090240478516,1071.1240234375,85.9011001586914,212.4248809814453
2022-01-18,88.24441528320312,62.28700637817383,1072.513427734375,87.4140396118164,208.03103637695312
2022-01-19,89.10921478271484,62.04640197753906,1078.0712890625,87.0610122680664,208.36904907226562
2022-01-20,89.03713989257812,62.16670227050781,1089.386474609375,88.08645629882812,210.98843383789062
2022-01-21,87.199462890625,61.0238151550293,1080.056640625,86.47264099121094,206.8480987548828
2022-01-24,83.8123779296875,59.62229537963867,1032.8128662109375,84.35454559326172,199.66587829589844
2022-01-25,86.55086517333984,60.993743896484375,1051.6705322265625,90.79292297363281,200.25735473632812
2022-01-26,88.17234802246094,60.33208084106445,1058.0228271484375,92.92784118652344,206.2566375732422
2022-01-27,85.7581558227539,60.10349655151367,1103.8768310546875,95.80242919921875,207.01707458496094
2022-01-28,86.11847686767578,59.59822082519531,1102.288818359375,94.99551391601562,202.45428466796875
2022-01-31,86.04641723632812,59.393707275390625,1073.3074951171875,96.49163818359375,204.73568725585938
2022-02-01,88.24441528320312,60.90351867675781,1062.9853515625,96.55887603759766,208.36904907226562
2022-02-02,87.92012786865234,60.933589935302734,1064.5733642578125,95.88646697998047,208.87600708007812
2022-02-03,86.76707458496094,60.753135681152344,1031.6217041015625,96.50845336914062,207.1860809326172
2022-02-04,85.03749084472656,59.35761642456055,1022.292236328125,95.61749267578125,197.9759521484375
2022-02-07,87.30757141113281,60.422306060791016,1028.44580078125,97.04638671875,199.327880859375
2022-02-08,87.84806060791016,60.963661193847656,1022.6891479492188,97.04638671875,197.4689483642578
2022-02-09,89.36143493652344,59.6463508605957,1032.21728515625,97.51708221435547,203.13023376464844
2022-02-10,89.86589050292969,59.20122146606445,1085.2176513671875,98.00457000732422,202.28526306152344
2022-02-11,89.97399139404297,59.03279495239258,1070.9256591796875,98.1558837890625,201.10232543945312
2022-02-14,86.91119384765625,58.26286315917969,1061.3973388671875,96.77742004394531,196.79298400878906
2022-02-15,87.92012786865234,59.04483413696289,1106.8546142578125,97.3321533203125,202.87673950195312
2022-02-16,87.81201171875,58.563621520996094,1122.933349609375,83.30388641357422,206.2566375732422
2022-02-17,85.90229034423828,57.492919921875,1126.704833984375,82.54741668701172,201.77828979492188
2022-02-18,85.36178588867188,57.30043411254883,1115.588623046875,79.11809539794922,200.4263458251953
2022-02-21,83.30790710449219,56.72298049926758,1162.83251953125,78.966796875,195.18756103515625
2022-02-22,82.55123138427734,56.21770477294922,1133.056884765625,79.00884246826172,192.6526336669922
2022-02-23,82.803466796875,55.94100570678711,1132.2630615234375,78.16831970214844,190.20223999023438
2022-02-24,77.43456268310547,53.017635345458984,1093.95556640625,77.78167724609375,179.38662719726562
2022-02-25,79.81273651123047,54.79812240600586,1132.7132568359375,80.04267883300781,183.35800170898438
2022-02-28,79.05604553222656,54.61767578125,1139.868408203125,73.88166809082031,174.82382202148438
2022-03-01,76.35357666015625,53.12590789794922,1172.464599609375,71.60386657714844,164.64195251464844
2022-03-02,75.0924301147461,53.426666259765625,1201.2841796875,64.65277099609375,170.8524627685547
2022-03-03,74.87623596191406,53.21012496948242,1155.768798828125,66.04802703857422,165.6559295654297
2022-03-04,71.0999984741211,52.30785369873047,1128.9368896484375,67.66182708740234,157.7977294921875
2022-03-07,69.02450561523438,51.91084671020508,1129.5330810546875,65.42604064941406,163.50125122070312
2022-03-08,69.22628784179688,51.16497039794922,1131.5205078125,66.22454071044922,166.28965759277344
2022-03-09,73.07459259033203,52.8973388671875,1150.8001708984375,68.48552703857422,174.40133666992188
2022-03-10,72.49806213378906,52.82515335083008,1160.34033203125,68.30062103271484,175.7532958984375
2022-03-11,74.01143646240234,54.04021453857422,1167.09814453125,69.09070587158203,175.7532958984375
2022-03-14,75.59689331054688,55.26731491088867,1166.899169921875,70.36830139160156,179.47113037109375
2022-03-15,75.95722198486328,55.35152053833008,1166.5018310546875,69.88079071044922,179.2176513671875
2022-03-16,79.20018005371094,57.07184982299805,1158.1539306640625,70.43555450439453,187.49832153320312
2022-03-17,77.32646942138672,56.38612747192383,1171.470703125,70.91462707519531,182.5975341796875
2022-03-18,78.47952270507812,56.89140319824219,1177.8309326171875,71.75515747070312,183.10450744628906
2022-03-21,79.05604553222656,57.52901077270508,1193.7313232421875,72.55365753173828,185.0479278564453
2022-03-22,81.07388305664062,57.492919921875,1188.96142578125,72.3351058959961,184.6254425048828
2022-03-23,77.9527359008789,56.78313064575195,1204.2655029296875,71.7635498046875,183.10450744628906
2022-03-24,77.61016082763672,56.03364562988281,1214.998291015625,72.65451049804688,179.8091278076172
2022-03-25,78.44754791259766,56.249595642089844,1217.3834228515625,72.696533203125,171.2749481201172
2022-03-28,79.3610610961914,56.287715911865234,1233.0853271484375,73.32691955566406,173.0493927001953
2022-03-29,81.37838745117188,56.8847541809082,1224.9361572265625,72.1754150390625,178.9641571044922
2022-03-30,79.70362091064453,56.21148681640625,1230.7001953125,74.66598510742188,172.3734130859375
2022-03-31,77.99078369140625,55.19523620605469,1241.234130859375,73.60834503173828,169.8385009765625
2022-04-01,78.56173706054688,55.19523620605469,1233.283935546875,75.94538879394531,172.62689208984375
2022-04-04,78.0669174194336,54.280601501464844,1248.19091796875,76.53390502929688,172.54241943359375
2022-04-05,77.80047607421875,53.747074127197266,1268.06640625,77.52330780029297,168.52883911132812
2022-04-06,77.00115966796875,53.785179138183594,1283.469970703125,76.63626861572266,163.37449645996094
2022-04-07,78.9423599243164,55.119014739990234,1309.80517578125,77.14802551269531,163.07875061035156
2022-04-08,80.69325256347656,58.002628326416016,1338.6248779296875,78.60655212402344,167.3458709716797
2022-04-11,80.8835678100586,58.52345657348633,1333.6558837890625,76.6021499633789,162.48728942871094
2022-04-12,82.10157775878906,59.412689208984375,1291.917236328125,76.2695083618164,161.72682189941406
2022-04-13,81.56869506835938,58.6631965637207,1298.3768310546875,75.55303955078125,161.72682189941406
2022-04-14,80.92163848876953,58.345619201660156,1292.9110107421875,71.74893951416016,162.10704040527344
2022-04-19,81.1500015258789,59.17133331298828,1302.8487548828125,69.92366790771484,165.95166015625
2022-04-20,83.39572143554688,59.70486068725586,1279.99169921875,70.54630279541016,172.1199188232422
2022-04-21,84.80404663085938,59.92080307006836,1287.9420166015625,69.96630859375,175.7532958984375
2022-04-22,83.35765075683594,59.80648422241211,1256.1409912109375,69.95777893066406,170.8524627685547
2022-04-25,81.30225372314453,59.438087463378906,1258.1285400390625,69.47159576416016,164.3884735107422
2022-04-26,82.10157775878906,59.527015686035156,1277.010498046875,69.6421890258789,163.332275390625
2022-04-27,88.34388732910156,62.55036163330078,1291.917236328125,68.80632019042969,164.72645568847656
2022-04-28,86.93556213378906,65.10370635986328,1281.979248046875,67.34779357910156,160.59945678710938
2022-04-29,84.9182357788086,63.50310134887695,1309.308349609375,67.6804428100586,163.2443389892578
2022-05-02,83.05314636230469,62.79172897338867,1297.383056640625,67.58660888671875,160.16587829589844
2022-05-03,84.57566833496094,63.70635223388672,1308.314453125,69.10484313964844,160.72955322265625
2022-05-04,83.35765075683594,62.308998107910156,1286.451171875,69.02808380126953,157.08743286132812
2022-05-05,82.44414520263672,62.49955749511719,1283.9669189453125,67.85104370117188,155.96014404296875
2022-05-06,81.5306396484375,62.131160736083984,1261.606689453125,65.6845703125,154.962890625
2022-05-09,79.39911651611328,60.810028076171875,1262.6005859375,64.98516082763672,152.75160217285156
2022-05-10,79.09461212158203,60.02243423461914,1270.5509033203125,65.4713363647461,156.567138671875
2022-05-11,80.99775695800781,61.496002197265625,1231.29638671875,65.43721771240234,162.9842071533203
2022-05-12,80.92163848876953,61.292747497558594,1230.799560546875,64.8060531616211,160.64283752441406
2022-05-13,82.48220825195312,62.02953338623047,1258.6253662109375,66.13662719726562,162.5506134033203
2022-05-16,83.20539855957031,62.22008514404297,1279.99169921875,67.33073425292969,164.19821166992188
2022-05-17,83.5860366821289,62.436038970947266,1293.40771484375,68.11544036865234,167.36337280273438
2022-05-18,83.20539855957031,62.042240142822266,1260.6131591796875,67.2795639038086,166.92979431152344
2022-05-19,82.63446044921875,62.18196487426758,1267.072509765625,66.21339416503906,165.41226196289062
2022-05-20,82.06351470947266,62.321712493896484,1300.861083984375,66.20486450195312,166.58294677734375
2022-05-23,83.47183990478516,63.70635223388672,1302.8487548828125,67.10897827148438,167.75360107421875
2022-05-24,83.85247802734375,63.99217224121094,1294.4017333984375,66.31574249267578,164.9786834716797
2022-05-25,84.04278564453125,63.86514663696289,1295.8922119140625,66.28162384033203,164.84860229492188
2022-05-27,84.9182357788086,62.537662506103516,1311.7928466796875,69.42897033691406,174.82101440429688
2022-05-30,85.10855102539062,62.18196487426758,1286.9482421875,69.31807708740234,175.77490234375
2022-05-31,82.06351470947266,61.02598571777344,1279.99169921875,67.54397583007812,173.43356323242188
2022-06-01,82.44414520263672,61.24193572998047,1280.4886474609375,68.07279205322266,176.2952117919922
2022-06-02,83.12928009033203,61.67384719848633,1277.50732421875,68.69544219970703,179.5037384033203
2022-06-03,83.12928009033203,61.572227478027344,1278.5009765625,68.93425750732422,180.19747924804688
2022-06-07,83.85247802734375,61.67384719848633,1259.1221923828125,69.4460220336914,178.98342895507812
2022-06-08,83.47183990478516,61.24193572998047,1263.59423828125,69.42897033691406,177.59597778320312
2022-06-09,85.1846694946289,62.14385986328125,1249.1845703125,69.3607177734375,174.38743591308594
2022-06-10,83.09121704101562,60.911659240722656,1219.8680419921875,65.147216796875,168.6641387939453
2022-06-13,82.7105941772461,60.32731246948242,1214.899169921875,64.60987091064453,165.45562744140625
2022-06-14,82.67252349853516,60.14946746826172,1200.4892578125,64.18340301513672,163.98143005371094
2022-06-15,83.35765075683594,60.70840835571289,1226.3272705078125,65.36045837402344,165.54234313964844
2022-06-16,78.75204467773438,57.41828918457031,1228.315185546875,64.08958435058594,160.0358123779297
2022-06-17,78.9423599243164,56.960975646972656,1233.283935546875,64.6013412475586,156.0468292236328
2022-06-20,81.03582763671875,57.83749008178711,1243.7186279296875,65.77839660644531,153.79222106933594
2022-06-21,80.80744171142578,57.26585006713867,1256.1409912109375,66.40956115722656,156.0902099609375
2022-06-22,78.82817840576172,56.287715911865234,1280.9854736328125,66.8786849975586,152.491455078125
2022-06-23,77.34371948242188,55.25875473022461,1298.8736572265625,66.6910400390625,145.25062561035156
2022-06-27,78.6759262084961,56.73231506347656,1334.6497802734375,69.26690673828125,151.8844451904297
2022-06-28,78.56173706054688,56.52907180786133,1332.6622314453125,68.31160736083984,150.88720703125
2022-06-29,78.0669174194336,56.04635238647461,1362.97265625,67.21985626220703,150.32354736328125
2022-06-30,76.43021392822266,55.5255126953125,1340.6124267578125,65.05339050292969,143.8197784423828
2022-07-01,76.96309661865234,55.98283004760742,1335.146728515625,65.21546173095703,143.94984436035156
2022-07-04,77.72435760498047,56.287715911865234,1358.003662109375,66.73368072509766,146.11776733398438
2022-07-05,76.58245849609375,55.88121032714844,1355.0223388671875,65.47986602783203,142.90924072265625
2022-07-06,78.56173706054688,57.12611770629883,1382.84814453125,66.66545104980469,146.2912139892578
2022-07-07,79.74168395996094,57.73586654663086,1394.7735595703125,68.53336334228516,150.88720703125
2022-07-08,81.11194610595703,58.73942184448242,1401.730224609375,68.55043029785156,152.491455078125
2022-07-11,79.93199157714844,57.96453094482422,1409.1834716796875,67.12602996826172,147.50521850585938
2022-07-12,82.93896484375,59.2602424621582,1404.71142578125,67.04074096679688,150.23681640625
2022-07-13,79.77975463867188,57.12611770629883,1383.842041015625,67.51839447021484,148.9794158935547
2022-07-14,79.93199157714844,56.07175064086914,1357.010009765625,61.8122444152832,146.55136108398438
2022-07-15,78.56173706054688,53.645450592041016,1391.7923583984375,62.66518020629883,145.03379821777344
2022-07-18,80.50294494628906,54.85224914550781,1384.8358154296875,63.97017288208008,144.42678833007812
2022-07-19,81.79707336425781,56.47825622558594,1383.3450927734375,62.83576583862305,149.28292846679688
2022-07-20,80.7313232421875,55.95742416381836,1346.5750732421875,63.961639404296875,149.80325317382812
2022-07-21,81.41644287109375,56.33851623535156,1322.2275390625,64.85722351074219,152.1879425048828
2022-07-22,81.91127014160156,56.38933181762695,1327.693359375,64.6013412475586,152.6215362548828
2022-07-25,80.84549713134766,56.51636505126953,1334.1529541015625,64.14076232910156,151.624267578125
2022-07-26,81.49258422851562,56.808536529541016,1372.41357421875,64.3369369506836,152.7949676513672
2022-07-27,81.22613525390625,56.57987976074219,1369.4322509765625,64.81458282470703,153.0550994873047
2022-07-28,82.82477569580078,57.30396270751953,1355.0223388671875,64.65252685546875,156.78395080566406
2022-07-29,83.47183990478516,57.875606536865234,1348.06591796875,65.56515502929688,161.42327880859375
2022-08-01,82.67252349853516,57.21503829956055,1337.1341552734375,65.92339324951172,157.39096069335938
2022-08-02,82.25382995605469,57.27855682373047,1349.0595703125,65.82957458496094,157.13079833984375
2022-08-03,83.39572143554688,57.6723518371582,1324.7117919921875,65.71869659423828,155.48318481445312
2022-08-04,82.82477569580078,57.62153244018555,1319.7430419921875,66.5460433959961,156.39370727539062
2022-08-05,84.04278564453125,58.33291244506836,1338.6248779296875,66.56309509277344,153.0550994873047
2022-08-08,83.9285888671875,58.04074478149414,1320.7369384765625,65.98309326171875,156.74057006835938
2022-08-09,83.50990295410156,58.37102508544922,1334.1529541015625,65.58222198486328,154.78944396972656
2022-08-10,84.08084869384766,58.42184066772461,1334.6497802734375,66.62279510498047,158.99522399902344
2022-08-11,84.04278564453125,58.26940155029297,1289.66943359375,66.79338836669922,158.69171142578125
2022-08-12,84.57566833496094,58.45994567871094,1327.951904296875,66.43515014648438,159.08192443847656
2022-08-15,84.46147918701172,57.98992919921875,1366.234130859375,66.5033950805664,157.34759521484375
2022-08-16,87.46844482421875,59.36186981201172,1373.6917724609375,67.97897338867188,160.90298461914062
2022-08-17,85.9839859008789,58.243988037109375,1380.65234375,66.88720703125,156.567138671875
2022-08-18,84.27116394042969,57.79938507080078,1381.646728515625,68.99395751953125,163.4611358642578
2022-08-19,85.1846694946289,58.01533508300781,1404.0194091796875,68.9513168334961,160.29595947265625
2022-08-22,82.5583267211914,56.50365447998047,1437.8272705078125,67.3392562866211,155.91676330566406
2022-08-23,82.2918930053711,56.440147399902344,1404.516845703125,66.78485870361328,157.17416381835938
2022-08-24,81.98739624023438,56.465553283691406,1414.9573974609375,66.5460433959961,157.000732421875
2022-08-25,82.5583267211914,56.64339828491211,1427.8837890625,66.88720703125,158.12803649902344
2022-08-26,81.5306396484375,56.173377990722656,1418.934814453125,66.21339416503906,155.2579803466797
2022-08-29,80.23650360107422,55.24605178833008,1391.5902099609375,65.36900329589844,156.12356567382812
2022-08-30,80.57906341552734,55.169830322265625,1368.222900390625,66.6142578125,156.48802185058594
2022-08-31,81.18807220458984,55.62714767456055,1319.997314453125,68.21778869628906,152.11456298828125
2022-09-01,79.39911651611328,54.7506217956543,1312.53955078125,66.5460433959961,144.36985778808594
2022-09-02,80.8835678100586,55.36037826538086,1313.5338134765625,67.6463394165039,152.29678344726562
2022-09-05,80.50294494628906,54.725223541259766,1318.505615234375,65.94044494628906,147.4221954345703
2022-09-06,80.3506851196289,54.83954620361328,1308.06494140625,66.83604431152344,147.4221954345703
2022-09-07,79.70362091064453,54.83954620361328,1281.7144775390625,66.04281616210938,148.05999755859375
2022-09-08,80.80744171142578,55.5128173828125,1292.652587890625,66.78485870361328,148.60667419433594
2022-09-09,81.37838745117188,55.779579162597656,1287.6806640625,67.76573944091797,150.79339599609375
2022-09-12,84.156982421875,57.977230072021484,1298.1214599609375,67.54397583007812,154.7113037109375
2022-09-13,83.7763442993164,57.83749008178711,1265.3079833984375,67.06632232666016,149.3355712890625
2022-09-14,84.04278564453125,58.05345153808594,1251.38720703125,64.1322250366211,144.825439453125
2022-09-15,84.68985748291016,59.374576568603516,1249.3983154296875,62.24725341796875,143.7321014404297
2022-09-16,83.96666717529297,58.94266891479492,1241.4434814453125,62.05105972290039,141.2720184326172
2022-09-19,82.63446044921875,58.345619201660156,1243.929443359375,61.59047317504883,143.04873657226562
2022-09-20,84.3092269897461,59.88269805908203,1242.43798828125,60.93372344970703,140.7708740234375
2022-09-21,86.554931640625,61.292747497558594,1251.8841552734375,60.94225311279297,141.49978637695312
2022-09-22,85.07048034667969,61.07679748535156,1237.466064453125,59.33872985839844,136.032958984375
2022-09-23,82.13964080810547,60.34001159667969,1230.505859375,57.52197265625,136.53408813476562
2022-09-26,80.69325256347656,59.133216857910156,1207.138427734375,57.01020812988281,135.4407196044922
2022-09-27,81.49258422851562,60.03513717651367,1212.1102294921875,57.70109558105469,136.1240692138672
2022-09-28,80.7313232421875,58.4853515625,1222.5509033203125,57.36845397949219,139.35861206054688
2022-09-29,79.39911651611328,56.999080657958984,1218.5736083984375,56.45590591430664,134.210693359375
2022-09-30,81.30225372314453,58.193180084228516,1230.505859375,56.91651916503906,138.99415588378906
2022-10-03,80.84549713134766,58.14237594604492,1215.09326171875,58.185394287109375,141.81869506835938
2022-10-04,83.89053344726562,59.78107833862305,1232.4942626953125,60.12345504760742,148.69778442382812
2022-10-05,82.63446044921875,59.19672393798828,1231.0029296875,59.62807846069336,144.55210876464844
2022-10-06,82.06351470947266,58.2567024230957,1224.04248046875,60.366798400878906,144.50656127929688
2022-10-07,81.75902557373047,57.875606536865234,1243.929443359375,59.80189514160156,139.4952850341797
2022-10-10,80.69325256347656,57.35477828979492,1231.997314453125,59.75843811035156,139.7230682373047
2022-10-11,80.50294494628906,57.685054779052734,1231.0029296875,59.98440170288086,139.9964141845703
2022-10-12,80.7313232421875,57.96453094482422,1242.43798828125,60.2885856628418,141.22645568847656
2022-10-13,81.34032440185547,58.37102508544922,1241.940673828125,61.270652770996094,144.32431030273438
2022-10-14,82.7105941772461,58.815635681152344,1245.9180908203125,61.79209899902344,142.775390625
2022-10-17,84.57566833496094,60.28919982910156,1256.3587646484375,62.26141357421875,149.92784118652344
2022-10-18,86.44075012207031,61.76276397705078,1240.946533203125,63.20002746582031,154.39239501953125
2022-10-19,88.95289611816406,65.58007049560547,1229.01416015625,62.73942184448242,151.06675720214844
2022-10-20,87.8110122680664,64.5638198852539,1215.09326171875,53.48362731933594,153.66348266601562
2022-10-21,88.30582427978516,65.67534637451172,1223.5452880859375,53.16206741333008,155.12130737304688
2022-10-24,90.09477996826172,66.6280746459961,1236.9688720703125,53.15338134765625,158.5380859375
2022-10-25,91.1605453491211,65.77062225341797,1224.53955078125,52.65800094604492,157.76361083984375
2022-10-26,87.77294158935547,64.78611755371094,1259.8389892578125,53.33588409423828,160.2692413330078
2022-10-27,89.21932220458984,65.04019165039062,1256.85595703125,52.65800094604492,160.4970245361328
2022-10-28,89.75221252441406,65.61182403564453,1278.2344970703125,53.3967170715332,159.95034790039062
2022-10-31,88.68645477294922,65.19898223876953,1295.1383056640625,53.36196517944336,157.2624969482422
2022-11-01,88.6103286743164,65.1672134399414,1302.595947265625,53.18813705444336,158.2647247314453
2022-11-02,89.29546356201172,65.51654815673828,1324.4716796875,52.85789108276367,157.58139038085938
2022-11-03,89.18126678466797,65.67534637451172,1324.96875,51.945343017578125,154.75686645507812
2022-11-04,89.75221252441406,66.31050109863281,1325.466064453125,52.24952697753906,161.68150329589844
2022-11-07,88.8006362915039,65.86589050292969,1319.997314453125,52.54501724243164,168.15060424804688
2022-11-08,90.28509521484375,66.53280639648438,1315.025390625,52.77097702026367,169.9273223876953
2022-11-09,89.59996795654297,65.92940521240234,1330.934814453125,52.37120056152344,170.42843627929688
2022-11-10,90.36121368408203,65.99292755126953,1383.13818359375,53.73566436767578,174.11854553222656
2022-11-11,90.1708984375,66.02467346191406,1294.6412353515625,55.0827522277832,178.62869262695312
2022-11-14,89.9805908203125,66.21522521972656,1328.448974609375,55.8388557434082,178.0819854736328
2022-11-15,90.24703216552734,67.0091781616211,1332.426513671875,56.299468994140625,175.94082641601562
2022-11-16,91.92179870605469,67.6125717163086,1333.9178466796875,55.334781646728516,173.2073974609375
2022-11-17,89.48577880859375,66.91390228271484,1350.3245849609375,55.72587966918945,171.7495880126953
2022-11-18,89.9425277709961,67.42202758789062,1372.2003173828125,56.421142578125,173.93630981445312
2022-11-21,89.67608642578125,66.50104522705078,1394.5731201171875,56.056129455566406,173.161865234375
2022-11-22,90.4373550415039,66.85037994384766,1394.0760498046875,55.943145751953125,176.21417236328125
2022-11-23,90.89409637451172,66.91390228271484,1386.618408203125,56.221256256103516,177.62643432617188
2022-11-24,90.77991485595703,66.8186264038086,1373.1947021484375,56.568885803222656,176.76084899902344
2022-11-25,90.89409637451172,66.24699401855469,1376.177734375,57.00342559814453,177.1252899169922
2022-11-28,90.589599609375,65.70709991455078,1387.1156005859375,56.49067306518555,174.02743530273438
2022-11-29,91.00828552246094,66.24699401855469,1389.104248046875,56.03874969482422,174.93858337402344
2022-11-30,91.1605453491211,67.10445404052734,1410.9798583984375,56.59496307373047,174.02743530273438
2022-12-01,92.18824005126953,67.6125717163086,1413.4658203125,58.393978118896484,176.2597198486328
2022-12-02,91.388916015625,66.50104522705078,1417.940185546875,59.36735153198242,176.2597198486328
2022-12-05,91.88373565673828,66.50104522705078,1417.940185546875,58.71553421020508,176.9886474609375
2022-12-06,90.1708984375,65.13546752929688,1410.9798583984375,57.7943000793457,176.53306579589844
2022-12-07,89.1432113647461,64.46854400634766,1416.946044921875,57.107723236083984,170.74732971191406
2022-12-08,89.29546356201172,64.65908813476562,1423.906494140625,58.063716888427734,170.06398010253906
2022-12-09,90.39928436279297,65.19898223876953,1433.352783203125,58.828521728515625,172.52406311035156
2022-12-12,90.66571807861328,65.23072814941406,1427.8837890625,59.12401580810547,172.47850036621094
2022-12-13,91.69342041015625,64.91315460205078,1422.912109375,59.00233459472656,175.9863739013672
2022-12-14,92.30242156982422,65.80237579345703,1433.352783203125,58.159324645996094,176.85195922851562
2022-12-15,90.97022247314453,65.89764404296875,1424.9007568359375,55.79540252685547,172.52406311035156
2022-12-16,89.44770812988281,65.48479461669922,1401.533447265625,51.93665313720703,170.88401794433594
2022-12-19,89.79027557373047,65.6435775756836,1396.0645751953125,53.24028396606445,171.84071350097656
2022-12-20,89.9805908203125,65.8341293334961,1402.52783203125,52.71883010864258,170.51954650878906
2022-12-21,90.97022247314453,65.86589050292969,1409.9854736328125,53.214210510253906,174.71078491210938
2022-12-22,91.1986083984375,66.46929168701172,1412.471435546875,52.93610382080078,170.74732971191406
2022-12-23,91.7695541381836,66.9774169921875,1420.4261474609375,53.61399459838867,172.75184631347656
2022-12-27,92.45467376708984,67.16796875,1410.4827880859375,53.80519104003906,174.80191040039062
2022-12-28,91.84566497802734,66.78687286376953,1408.9912109375,53.32719421386719,173.29852294921875
2022-12-29,92.56886291503906,67.48554992675781,1424.9007568359375,54.24843215942383,174.6196746826172
2022-12-30,91.31278991699219,66.7551040649414,1395.567626953125,52.92741775512695,171.65846252441406
2023-01-02,92.07405090332031,67.9301528930664,1415.95166015625,54.317955017089844,175.75860595703125
2023-01-03,92.41661834716797,67.67609405517578,1450.75390625,54.48308181762695,175.895263671875
2023-01-04,93.55850219726562,67.9619140625,1457.2171630859375,55.40431213378906,175.75860595703125
2023-01-05,94.5862045288086,68.7876205444336,1459.702880859375,55.421695709228516,180.72430419921875
2023-01-09,95.30939483642578,69.64508819580078,1476.6068115234375,55.8910026550293,186.96559143066406
2023-01-10,95.80420684814453,69.96265411376953,1484.5616455078125,55.0914421081543,184.9611053466797
2023-01-11,98.04991912841797,70.85188293457031,1473.6239013671875,55.05667495727539,186.32778930664062
2023-01-12,98.77310943603516,70.7566146850586,1450.75390625,58.333133697509766,190.0634765625
2023-01-13,97.63123321533203,69.32749938964844,1476.6068115234375,55.743255615234375,190.88348388671875
2023-01-16,98.12603759765625,69.80387115478516,1473.6239013671875,55.8823127746582,192.6146697998047
2023-01-17,94.54813385009766,69.10519409179688,1468.6522216796875,54.752498626708984,191.7946319580078
2023-01-18,94.0533218383789,68.7240982055664,1463.18310546875,55.01322555541992,194.98362731933594
2023-01-19,94.0533218383789,68.62882995605469,1453.2396240234375,53.80519104003906,186.6922607421875
2023-01-20,94.9668197631836,69.10519409179688,1417.4429931640625,51.276153564453125,195.71253967285156
2023-01-23,95.80420684814453,69.35926055908203,1389.6015625,52.7275276184082,197.80813598632812
2023-01-24,97.09835052490234,69.58157348632812,1344.3585205078125,51.858436584472656,197.80813598632812
2023-01-25,96.10870361328125,68.5653076171875,1359.77099609375,51.3978157043457,197.17034912109375
2023-01-26,92.94950103759766,68.5970687866211,1350.3245849609375,52.31905746459961,196.2592010498047
2023-01-27,94.31975555419922,68.62882995605469,1349.3304443359375,52.52763748168945,199.083740234375
2023-01-30,95.6519546508789,69.00992584228516,1364.2457275390625,52.54501724243164,196.9881134033203
2023-01-31,96.0325927734375,69.13695526123047,1355.29638671875,52.475494384765625,196.2592010498047
2023-02-01,93.25399780273438,69.7403564453125,1314.528076171875,52.788360595703125,198.44595336914062
2023-02-02,93.90106201171875,69.3910140991211,1295.635498046875,54.40486526489258,203.82167053222656
2023-02-03,94.70038604736328,71.64582824707031,1332.426513671875,54.3787956237793,205.0061492919922
2023-02-06,94.39588928222656,70.78836822509766,1342.8671875,53.544464111328125,200.54156494140625
2023-02-07,94.624267578125,71.23298645019531,1343.3642578125,52.85789108276367,201.45269775390625
2023-02-08,94.20556640625,65.10370635986328,1367.228515625,53.01432800292969,202.3638458251953
2023-02-09,93.48236846923828,65.51654815673828,1399.5450439453125,52.31905746459961,201.2704620361328
2023-02-10,93.55850219726562,64.91315460205078,1426.392333984375,51.832359313964844,196.2592010498047
2023-02-13,95.15713500976562,67.10445404052734,1433.352783203125,51.97141647338867,197.53480529785156
2023-02-14,95.11907958984375,67.16796875,1448.7652587890625,52.110477447509766,196.35032653808594
2023-02-15,95.49970245361328,67.35851287841797,1442.3018798828125,52.75360107421875,199.63043212890625
2023-02-16,97.51704406738281,68.5970687866211,1418.4376220703125,52.93610382080078,199.81265258789062
2023-02-17,97.36478424072266,68.50180053710938,1434.3470458984375,52.41465377807617,198.99261474609375
2023-02-20,97.21253967285156,68.62882995605469,1425.8951416015625,51.988800048828125,199.72154235839844
2023-02-21,98.43054962158203,68.66057586669922,1440.313232421875,51.406517028808594,194.8925018310547
2023-02-22,97.70735931396484,68.08894348144531,1433.352783203125,50.75469970703125,195.43919372558594
2023-02-23,99.15373992919922,69.54981231689453,1406.1048583984375,50.824222564697266,196.5325469970703
2023-02-24,99.38211822509766,70.02617645263672,1385.1998291015625,50.35491180419922,193.70802307128906
2023-02-27,101.28526306152344,71.07418060302734,1383.70654296875,50.81553268432617,195.07473754882812
2023-02-28,99.76274108886719,70.5660629272461,1368.2767333984375,50.49396896362305,196.62367248535156
2023-03-01,98.12603759765625,69.07344055175781,1350.8560791015625,50.02466583251953,198.44595336914062
2023-03-02,98.16410064697266,68.94640350341797,1356.3310546875,50.23324966430664,198.2637176513672
2023-03-03,98.77310943603516,69.45453643798828,1355.3355712890625,52.40596008300781,202.72830200195312
2023-03-06,99.11567687988281,69.54981231689453,1346.8740234375,51.99748992919922,203.82167053222656
2023-03-07,97.6692886352539,68.85112762451172,1369.7698974609375,51.832359313964844,200.08599853515625
2023-03-08,98.240234375,68.66057586669922,1362.8017578125,51.945343017578125,200.2682342529297
2023-03-09,97.89766693115234,68.7876205444336,1380.72021484375,52.54501724243164,196.71478271484375
2023-03-10,94.2436294555664,66.05644226074219,1370.267822265625,51.21531295776367,189.51678466796875
2023-03-13,90.36121368408203,64.65908813476562,1371.760986328125,51.189239501953125,185.87222290039062
2023-03-14,91.57923126220703,65.04019165039062,1355.3355712890625,50.33753204345703,192.0679931640625
2023-03-15,86.63105773925781,62.308998107910156,1359.3175048828125,48.88616180419922,181.3621063232422
2023-03-16,85.48917388916016,61.0640983581543,1372.258544921875,48.92092514038086,185.50778198242188
2023-03-17,84.27116394042969,60.212982177734375,1370.7655029296875,48.442928314208984,182.68324279785156
2023-03-20,85.41304016113281,61.08950424194336,1371.760986328125,48.63412094116211,186.1455841064453
2023-03-21,87.50650024414062,62.004127502441406,1372.258544921875,48.799251556396484,188.15008544921875
2023-03-22,87.8110122680664,62.131160736083984,1385.697509765625,48.999141693115234,188.6056365966797
2023-03-23,83.35765075683594,60.15281677246094,1387.6884765625,48.790557861328125,188.24119567871094
2023-03-24,82.82477569580078,58.893863677978516,1406.1048583984375,48.93830871582031,182.50100708007812
2023-03-27,82.9009017944336,58.20214080810547,1432.484619140625,49.80739212036133,184.86997985839844
2023-03-28,82.78671264648438,59.3227424621582,1419.54345703125,49.48583221435547,187.96788024902344
2023-03-29,84.68985748291016,60.44334411621094,1425.0186767578125,50.146339416503906,194.43692016601562
2023-03-30,87.01168823242188,62.69837951660156,1425.0186767578125,53.394500732421875,197.717041015625
2023-03-31,87.04975128173828,62.144996643066406,1436.4664306640625,53.928443908691406,200.2682342529297
2023-04-03,87.04975128173828,62.144996643066406,1440.9459228515625,53.643672943115234,199.994873046875
2023-04-04,87.01168823242188,62.28334045410156,1442.937255859375,53.63478088378906,199.63043212890625
2023-04-05,86.00039672851562,61.176578521728516,1489.2265625,54.19541931152344,194.07249450683594
2023-04-06,87.45665740966797,61.97898483276367,1515.10888671875,55.35230255126953,193.89024353027344
2023-04-11,88.54884338378906,62.90590286254883,1504.6566162109375,54.889549255371094,196.80589294433594
2023-04-12,88.30614471435547,62.587703704833984,1516.1043701171875,54.29330825805664,200.9971466064453
2023-04-13,88.67020416259766,62.643043518066406,1526.5567626953125,54.53358459472656,200.6326904296875
2023-04-14,92.71538543701172,64.75973510742188,1519.5885009765625,55.423492431640625,201.6349334716797
2023-04-17,90.53099060058594,64.82891082763672,1512.1224365234375,55.556983947753906,204.6416778564453
2023-04-18,90.61189270019531,64.98108673095703,1535.51611328125,50.787071228027344,205.09725952148438
2023-04-19,91.9468002319336,65.46530151367188,1535.018310546875,50.10184097290039,204.6416778564453
2023-04-20,92.39176940917969,65.83882904052734,1533.02734375,48.891563415527344,204.45944213867188
2023-04-21,92.02770233154297,65.65898132324219,1551.94140625,49.274227142333984,196.07696533203125
2023-04-24,93.5244140625,66.51673126220703,1547.95947265625,49.087345123291016,198.44595336914062
2023-04-25,92.43222045898438,65.82500457763672,1562.8917236328125,48.775875091552734,195.43919372558594
2023-04-26,97.3268814086914,64.51071166992188,1515.6065673828125,48.75808334350586,195.16583251953125
2023-04-27,94.94022369384766,64.34469604492188,1509.6337890625,48.998355865478516,192.70578002929688
2023-04-28,94.25254821777344,62.68455123901367,1504.1588134765625,50.16413116455078,194.57215881347656
2023-05-02,91.25912475585938,60.70620346069336,1511.126953125,49.389915466308594,194.6654815673828
2023-05-03,91.13776397705078,60.664695739746094,1520.583984375,49.363216400146484,194.0122528076172
2023-05-04,90.81414794921875,59.87611770629883,1523.0726318359375,49.01615524291992,190.65274047851562
2023-05-05,92.4726791381836,60.678524017333984,1523.0726318359375,49.26532745361328,192.42579650878906
2023-05-08,93.24125671386719,61.107398986816406,1529.54345703125,49.41660690307617,193.45233154296875
2023-05-09,92.39176940917969,59.77927780151367,1523.5704345703125,48.63349533081055,191.4925994873047
2023-05-10,89.2769775390625,59.46108627319336,1516.1043701171875,48.339820861816406,189.62620544433594
2023-05-11,90.77368927001953,59.66860580444336,1534.02294921875,47.601200103759766,185.9400634765625
2023-05-12,91.86589813232422,60.13898468017578,1543.9776611328125,48.04615783691406,187.47984313964844
2023-05-15,93.20079803466797,60.89988708496094,1549.4527587890625,48.81147003173828,189.90615844726562
2023-05-16,92.63447570800781,60.15281677246094,1559.4075927734375,48.37541961669922,186.91993713378906
2023-05-17,92.71538543701172,59.82078552246094,1573.841796875,48.20633316040039,187.85311889648438
2023-05-19,93.1198959350586,60.3603401184082,1573.343994140625,49.470008850097656,192.8924102783203
2023-05-22,93.64576721191406,60.85837936401367,1574.339599609375,49.72807693481445,191.4925994873047
2023-05-23,94.33344268798828,61.68845748901367,1577.3258056640625,49.79927062988281,188.4130401611328
2023-05-24,92.63447570800781,60.664695739746094,1550.946044921875,49.11404037475586,184.3069610595703
2023-05-25,92.5940170288086,60.415672302246094,1545.968505859375,49.68358612060547,182.20726013183594
2023-05-26,93.5244140625,60.84454345703125,1562.8917236328125,50.537899017333984,185.10018920898438
2023-05-29,93.07945251464844,60.16665267944336,1559.9051513671875,50.733673095703125,184.68023681640625
2023-05-30,92.14905548095703,59.75160598754883,1548.4571533203125,50.66248321533203,182.86050415039062
2023-05-31,91.78498840332031,59.30890655517578,1568.36669921875,49.94165802001953,177.91453552246094
2023-06-01,93.80757141113281,60.84454345703125,1574.339599609375,50.235328674316406,181.1807403564453
2023-06-02,95.74925994873047,62.18650436401367,1571.85107421875,50.29762268066406,189.7195281982422
2023-06-05,95.54700469970703,61.633113861083984,1583.2987060546875,50.41331100463867,190.27944946289062
2023-06-07,96.67964935302734,62.91973876953125,1584.2943115234375,50.33321762084961,194.0122528076172
2023-06-08,95.87061309814453,62.53236770629883,1584.7919921875,50.2264289855957,196.9051513671875
2023-06-09,96.4773941040039,63.971168518066406,1590.7647705078125,50.37771224975586,193.17236328125
2023-06-12,95.70880889892578,62.36635208129883,1589.769287109375,50.279823303222656,193.2657012939453
2023-06-13,96.31558990478516,62.69837951660156,1583.2987060546875,50.87606430053711,197.465087890625
2023-06-14,95.91107177734375,62.08966064453125,1555.92333984375,50.67138671875,199.4248046875
2023-06-15,95.99197387695312,61.97898483276367,1577.3258056640625,50.86716079711914,198.67823791503906
2023-06-16,97.81230163574219,63.583797454833984,1596.7376708984375,51.863861083984375,200.2646942138672
2023-06-19,96.8010025024414,63.168758392333984,1596.7376708984375,51.276519775390625,196.71853637695312
2023-06-20,96.15377807617188,63.763648986816406,1600.2218017578125,51.303218841552734,190.9326934814453
2023-06-21,96.76055145263672,64.52455139160156,1572.3485107421875,50.01285171508789,191.7725830078125
2023-06-22,92.83673858642578,61.30109405517578,1570.357666015625,48.215232849121094,190.09280395507812
2023-06-26,93.40306091308594,61.30109405517578,1533.02734375,48.4021110534668,191.4925994873047
2023-06-27,93.20079803466797,61.41176223754883,1521.57958984375,48.44660949707031,191.4925994873047
2023-06-28,94.05028533935547,61.43943405151367,1529.54345703125,49.5767936706543,192.51913452148438
2023-06-29,95.6683578491211,62.02049255371094,1533.525146484375,51.730377197265625,192.05252075195312
2023-06-30,96.39649200439453,62.49085998535156,1540.9910888671875,51.979549407958984,196.15859985351562
2023-07-03,97.16506958007812,63.44544982910156,1419.54345703125,52.75376892089844,197.1851348876953
2023-07-04,97.93365478515625,63.777469635009766,1451.896484375,52.66477966308594,194.94544982910156
2023-07-05,98.8640365600586,63.63913345336914,1462.3489990234375,52.02404022216797,191.0260009765625
2023-07-06,97.20552825927734,63.12725830078125,1432.484619140625,51.61468505859375,187.19989013671875
2023-07-07,97.56958770751953,62.82289505004883,1403.1181640625,51.67698287963867,189.15960693359375
2023-07-10,96.96281433105469,61.743797302246094,1408.095703125,51.6591796875,189.99949645996094
2023-07-11,97.73139953613281,62.24184036254883,1386.693115234375,51.748172760009766,192.05252075195312
2023-07-12,98.66178131103516,63.05807876586914,1383.70654296875,52.31771469116211,194.6654815673828
2023-07-13,99.99669647216797,63.56996154785156,1377.2359619140625,52.113037109375,192.1458282470703
2023-07-14,99.55172729492188,63.43161392211914,1382.7110595703125,46.56890869140625,189.81283569335938
2023-07-17,99.9157943725586,64.17868041992188,1365.7882080078125,44.81578826904297,190.46609497070312
2023-07-18,100.40120697021484,64.59371185302734,1369.7698974609375,45.011566162109375,195.13209533691406
2023-07-19,100.32030487060547,63.33477020263672,1387.190673828125,46.04385757446289,191.6792449951172
2023-07-20,100.80572509765625,62.407859802246094,1415.06396484375,46.907073974609375,191.58592224121094
2023-07-21,101.21024322509766,62.67070770263672,1431.4892578125,46.91596984863281,191.4925994873047
2023-07-24,101.85747528076172,63.14108657836914,1433.977783203125,47.54780578613281,193.45233154296875
2023-07-25,103.23283386230469,63.99883270263672,1426.0140380859375,47.51221466064453,196.9051513671875
2023-07-26,102.7474136352539,63.777469635009766,1430.991455078125,47.618995666503906,194.10556030273438
2023-07-27,103.75870513916016,64.33086395263672,1434.4757080078125,48.055049896240234,196.71853637695312
2023-07-28,103.1923828125,63.846656799316406,1494.2041015625,47.65459442138672,196.15859985351562
2023-07-31,103.1923828125,63.91582489013672,1499.1812744140625,47.06725311279297,199.51812744140625
2023-08-01,102.54515075683594,63.971168518066406,1508.638427734375,47.47661590576172,199.79808044433594
2023-08-02,101.12934112548828,63.87431716918945,1505.65185546875,47.44101333618164,197.091796875
2023-08-03,100.84617614746094,64.53837585449219,1479.2720947265625,46.907073974609375,192.2391815185547
2023-08-04,101.97882843017578,65.31311798095703,1465.8328857421875,47.30752944946289,192.51913452148438
2023-08-07,102.54515075683594,65.16094207763672,1468.8194580078125,47.334224700927734,193.45233154296875
2023-08-08,101.65521240234375,64.20635223388672,1500.674560546875,47.13844680786133,189.90615844726562
2023-08-09,102.38334655761719,64.81507110595703,1516.6021728515625,47.40541458129883,192.42579650878906
2023-08-10,103.83960723876953,66.10169219970703,1503.3740234375,48.07284927368164,192.70578002929688
2023-08-11,103.5969009399414,65.75582122802734,1511.839599609375,47.48551559448242,191.95919799804688
2023-08-14,103.2732925415039,65.67282104492188,1518.3131103515625,47.788082122802734,192.79908752441406
2023-08-15,102.38334655761719,64.30319213867188,1499.3902587890625,47.68128967285156,190.18612670898438
2023-08-16,102.46424865722656,64.16484832763672,1506.8597412109375,46.88037109375,190.83935546875
2023-08-17,102.05973815917969,64.04033660888672,1505.365966796875,47.47661590576172,187.85311889648438
2023-08-18,101.65521240234375,63.4869499206543,1496.900390625,47.877071380615234,188.879638671875
2023-08-21,101.04844665527344,62.90590286254883,1498.394287109375,47.57450485229492,187.38653564453125
2023-08-22,101.04844665527344,62.93356704711914,1500.3863525390625,48.20633316040039,189.99949645996094
2023-08-23,100.03714752197266,62.25566864013672,1501.382080078125,48.16183853149414,189.99949645996094
2023-08-24,99.87533569335938,62.32484817504883,1500.8841552734375,47.97496032714844,188.31971740722656
2023-08-25,99.79443359375,62.46319580078125,1489.430908203125,48.17963790893555,187.94644165039062
2023-08-28,101.33160400390625,63.583797454833984,1497.8963623046875,48.65129089355469,191.3992919921875
2023-08-29,101.61475372314453,63.8604850769043,1494.4105224609375,49.514503479003906,195.50537109375
2023-08-30,101.77657318115234,63.473121643066406,1485.945068359375,49.496707916259766,194.75880432128906
2023-08-31,102.8687744140625,63.1964225769043,1488.932861328125,50.128536224365234,193.54563903808594
2023-09-01,102.94966888427734,63.182586669921875,1492.916748046875,50.52009963989258,194.47885131835938
2023-09-04,103.2732925415039,64.42770385742188,1492.916748046875,50.528995513916016,195.0387725830078
2023-09-05,104.32502746582031,65.07793426513672,1503.8719482421875,51.37440872192383,196.6251983642578
2023-09-06,103.5969009399414,64.56604766845703,1480.46728515625,51.908355712890625,196.9051513671875
2023-09-07,102.82831573486328,64.23402404785156,1506.8597412109375,51.543495178222656,192.79908752441406
2023-09-08,102.46424865722656,64.15101623535156,1509.3497314453125,50.54679870605469,190.83935546875
2023-09-11,102.58560943603516,64.42770385742188,1462.5404052734375,50.86716079711914,193.0790252685547
2023-09-12,103.03057098388672,64.17868041992188,1489.9288330078125,50.493404388427734,189.5329132080078
2023-09-13,103.1114730834961,64.3862075805664,1479.969482421875,49.93275833129883,188.22640991210938
2023-09-14,104.64865112304688,65.85266876220703,1503.3740234375,50.217525482177734,189.81283569335938
2023-09-15,105.2149658203125,66.61357879638672,1522.794921875,50.173030853271484,192.98573303222656
2023-09-18,104.28457641601562,65.7281494140625,1488.4349365234375,50.33321762084961,193.73228454589844
2023-09-19,104.20368194580078,66.80725860595703,1468.01806640625,50.55569839477539,191.7725830078125
2023-09-20,105.94309997558594,68.23222351074219,1503.8719482421875,51.116336822509766,195.31871032714844
2023-09-21,106.50941467285156,68.82711029052734,1504.8680419921875,50.95615005493164,190.65274047851562
2023-09-22,105.90264129638672,68.68876647949219,1514.329345703125,50.689178466796875,187.66648864746094
2023-09-25,105.82174682617188,68.35672760009766,1511.3414306640625,49.54119873046875,187.38653564453125
2023-09-26,105.70037841796875,68.2598876953125,1505.86376953125,48.50000762939453,184.68023681640625
2023-09-27,104.48683166503906,67.85868072509766,1494.90869140625,47.69019317626953,184.77357482910156
2023-09-28,105.09361267089844,68.02469635009766,1472.0018310546875,47.91841506958008,187.293212890625
2023-09-29,105.70037841796875,67.48515319824219,1484.9490966796875,48.68525314331055,188.13308715820312
2023-10-02,105.13406372070312,66.80725860595703,1468.51611328125,47.936676025390625,187.19989013671875
2023-10-03,103.15192413330078,65.13327026367188,1465.0302734375,49.02302932739258,185.84674072265625
2023-10-04,103.1923828125,64.82891082763672,1466.5242919921875,48.17403030395508,183.37376403808594
2023-10-05,103.79915618896484,65.27161407470703,1462.0426025390625,47.471092224121094,184.540283203125
2023-10-06,105.82174682617188,66.25386810302734,1471.5037841796875,47.62628173828125,186.36000061035156
2023-10-09,105.37677001953125,66.29537200927734,1461.54443359375,48.66699981689453,181.04078674316406
2023-10-10,107.84432983398438,67.87252044677734,1471.5037841796875,49.02302932739258,188.31971740722656
2023-10-11,109.0578842163086,68.60575866699219,1473.495849609375,48.676124572753906,188.22640991210938
2023-10-12,110.99956512451172,68.71642303466797,1493.41455078125,49.40644836425781,189.90615844726562
2023-10-13,110.5545883178711,68.52275085449219,1476.4835205078125,48.931739807128906,185.33349609375
2023-10-16,110.47369384765625,69.11763000488281,1471.006103515625,49.23299789428711,185.19351196289062
2023-10-17,109.3410415649414,68.35672760009766,1507.3577880859375,46.32083511352539,183.93370056152344
2023-10-18,110.87821197509766,71.80154418945312,1434.654052734375,45.56311798095703,178.94107055664062
2023-10-19,108.77471160888672,69.55342102050781,1410.25341796875,45.19795608520508,177.2613067626953
2023-10-20,107.0353012084961,68.78560638427734,1404.27783203125,45.06101608276367,173.0152587890625
2023-10-23,105.49813079833984,67.66500091552734,1373.901611328125,45.161441802978516,170.35562133789062
2023-10-24,105.05316162109375,66.94560241699219,1421.208740234375,44.78258514404297,173.1085662841797
2023-10-25,99.79443359375,66.43372344970703,1431.666259765625,45.22990417480469,175.1149444580078
2023-10-26,99.51127624511719,65.28544616699219,1419.7149658203125,45.29837417602539,176.00149536132812
2023-10-27,99.30901336669922,64.89807891845703,1383.3631591796875,45.09296798706055,174.69500732421875
2023-10-30,99.9157943725586,64.91191101074219,1395.812255859375,44.609130859375,175.90817260742188
2023-10-31,100.56301879882812,65.71432495117188,1397.80419921875,45.6544075012207,176.9346923828125
2023-11-01,99.26856231689453,65.09175872802734,1414.7352294921875,45.672672271728516,175.20826721191406
2023-11-02,100.11804962158203,65.96334838867188,1414.7352294921875,46.07434844970703,181.13409423828125
2023-11-03,100.56301879882812,67.49898529052734,1404.27783203125,46.42124557495117,181.74066162109375
2023-11-06,100.52256774902344,67.24996948242188,1398.8001708984375,46.50341033935547,182.1139373779297
2023-11-07,99.99669647216797,66.80725860595703,1390.334716796875,46.576438903808594,180.3875274658203
2023-11-08,100.07759094238281,66.26770782470703,1379.3792724609375,46.48514938354492,180.3408660888672
2023-11-09,100.27985382080078,66.36454772949219,1401.2900390625,46.43037796020508,184.3069610595703
2023-11-10,100.32030487060547,66.4752197265625,1358.96240234375,45.94654083251953,182.44056701660156
2023-11-13,100.32030487060547,66.95943450927734,1368.424072265625,45.89176559448242,181.78733825683594
2023-11-14,100.92707824707031,67.44364929199219,1362.9462890625,46.905094146728516,187.293212890625
2023-11-15,101.21024322509766,68.03852844238281,1329.5821533203125,47.45283126831055,191.7725830078125
2023-11-16,100.1989517211914,67.41597747802734,1344.0233154296875,47.04202651977539,187.293212890625
2023-11-17,102.10018157958984,68.1353759765625,1348.0072021484375,47.66279983520508,188.7863311767578
2023-11-20,102.26199340820312,68.43973541259766,1325.1004638671875,48.21967315673828,190.09280395507812
2023-11-21,100.44166564941406,68.2183837890625,1334.0638427734375,47.79060745239258,189.5329132080078
2023-11-22,101.29114532470703,68.32905578613281,1327.59033203125,47.763221740722656,190.9326934814453
2023-11-23,102.99011993408203,69.3804931640625,1346.51318359375,47.71757888793945,191.4925994873047
2023-11-24,103.1923828125,69.76094055175781,1345.517333984375,47.936676025390625,190.3727569580078
2023-11-27,102.8687744140625,69.24214935302734,1326.096435546875,47.70844650268555,192.05252075195312
2023-11-28,101.77657318115234,68.4674072265625,1306.177490234375,47.242862701416016,190.18612670898438
2023-11-29,102.58560943603516,68.64725494384766,1321.1165771484375,48.000579833984375,190.7460479736328
2023-11-30,102.7474136352539,68.7579345703125,1335.0599365234375,47.4345703125,193.17236328125
2023-12-01,103.1923828125,68.79943084716797,1343.027587890625,47.38893127441406,195.69200134277344
2023-12-04,103.5159912109375,69.03462982177734,1355.9747314453125,49.570770263671875,195.31871032714844
2023-12-05,104.32502746582031,69.5880126953125,1342.031494140625,52.58335876464844,195.22540283203125
2023-12-06,104.68909454345703,69.93387603759766,1337.0517578125,53.249786376953125,199.1448516845703
2023-12-07,106.79258728027344,70.76394653320312,1320.6187744140625,52.83898162841797,199.4248046875
2023-12-08,107.15664672851562,70.79853820800781,1325.598388671875,54.13530349731445,196.99850463867188
2023-12-11,108.73426055908203,71.87071990966797,1330.5782470703125,54.363525390625,200.45132446289062
2023-12-12,109.13877868652344,71.76696014404297,1334.56201171875,54.77433395385742,199.70477294921875
2023-12-13,108.00613403320312,71.87071990966797,1356.47265625,54.098785400390625,197.6517333984375
2023-12-14,109.30059814453125,73.66921997070312,1355.9747314453125,56.37192153930664,204.27743530273438
2023-12-15,110.02872467041016,74.3609390258789,1326.5943603515625,56.25324249267578,206.3304901123047
2023-12-18,110.5545883178711,75.15643310546875,1338.545654296875,55.77853012084961,204.37075805664062
2023-12-19,110.2309799194336,74.6722183227539,1341.533447265625,56.234981536865234,205.2106475830078
2023-12-20,111.08048248291016,74.81056213378906,1347.01123046875,57.14788818359375,204.37075805664062
2023-12-21,109.98827362060547,74.32635498046875,1343.027587890625,56.563629150390625,203.34423828125
2023-12-22,110.5545883178711,74.81056213378906,1332.072021484375,57.23918151855469,203.53089904785156
2023-12-27,111.84906005859375,75.77899169921875,1332.570068359375,57.69563293457031,203.81082153320312
2023-12-28,111.72769927978516,75.4331283569336,1343.027587890625,57.76866149902344,203.2509307861328
2023-12-29,112.29402160644531,75.70980834960938,1348.0072021484375,57.61347198486328,203.53089904785156
2024-01-02,113.42666625976562,76.09027099609375,1384.3590087890625,58.21599197387695,203.81082153320312
2024-01-03,112.61763763427734,74.87974548339844,1393.8204345703125,57.44002151489258,198.77157592773438
2024-01-04,114.88292694091797,76.71282958984375,1409.7554931640625,57.68650436401367,198.39828491210938
2024-01-05,114.72113037109375,76.40154266357422,1404.7757568359375,57.19353485107422,197.9316864013672
2024-01-08,114.76158905029297,76.4361343383789,1401.787841796875,57.339603424072266,199.51812744140625
2024-01-09,115.08518981933594,75.8481674194336,1417.72314453125,57.157020568847656,196.5319061279297
2024-01-10,114.76158905029297,75.53688049316406,1415.2332763671875,57.69563293457031,196.06529235839844
2024-01-11,115.08518981933594,75.77899169921875,1417.2249755859375,57.60434341430664,197.465087890625
2024-01-12,116.0560302734375,76.53990173339844,1417.72314453125,58.58115005493164,201.01124572753906
2024-01-15,115.48970794677734,76.3669662475586,1418.718994140625,58.47160720825195,197.83836364746094
2024-01-16,111.52544403076172,74.1880111694336,1398.8001708984375,58.38031768798828,196.99850463867188
2024-01-17,111.84906005859375,74.3955307006836,1386.3509521484375,57.978633880615234,192.1458282470703
2024-01-18,111.64678955078125,74.63763427734375,1382.864990234375,58.62679672241211,193.6389617919922
2024-01-19,111.40408325195312,74.6030502319336,1391.82861328125,56.28976058959961,192.70578002929688
2024-01-22,113.38621520996094,76.15943908691406,1402.285888671875,55.9337272644043,195.41204833984375
2024-01-23,113.18394470214844,75.8481674194336,1385.3548583984375,57.996891021728516,198.77157592773438
2024-01-24,115.61106872558594,76.6436538696289,1384.3590087890625,55.13949966430664,198.21163940429688
2024-01-25,122.85193634033203,79.96395111083984,1384.85693359375,55.43162536621094,205.303955078125
2024-01-26,122.52831268310547,79.13388061523438,1398.3023681640625,55.385982513427734,202.97097778320312
2024-01-29,120.95069122314453,78.37297821044922,1400.2940673828125,55.13037109375,203.0642852783203
2024-01-30,121.0316162109375,78.61508178710938,1395.3143310546875,54.00749969482422,203.53089904785156
2024-01-31,119.85848999023438,77.85417938232422,1387.3468017578125,52.70204162597656,204.74404907226562
2024-02-01,120.02030944824219,77.02410125732422,1373.901611328125,52.00823211669922,203.9041748046875
2024-02-02,121.51701354980469,77.75042724609375,1374.399658203125,51.87129592895508,205.58392333984375
2024-02-05,119.41352081298828,76.98951721191406,1380.8731689453125,51.79826736450195,200.5446319580078
2024-02-06,119.00901794433594,78.40756225585938,1395.812255859375,51.56090545654297,203.4375762939453
2024-02-07,119.9798583984375,82.385009765625,1390.334716796875,50.912750244140625,202.31773376464844
2024-02-08,119.29217529296875,82.592529296875,1307.1734619140625,51.66132736206055,202.31773376464844
2024-02-09,119.3730697631836,83.07673645019531,1300.7000732421875,52.19081497192383,199.1448516845703
2024-02-12,120.50572204589844,83.52635955810547,1262.8541259765625,52.026493072509766,200.9179229736328
2024-02-13,120.54617309570312,84.84065246582031,1286.756591796875,50.69364547729492,201.7578125
2024-02-14,120.38436889648438,84.11433410644531,1292.732421875,50.43803024291992,202.50436401367188
2024-02-15,122.16423797607422,84.52937316894531,1303.1898193359375,51.03142547607422,205.2106475830078
2024-02-16,124.4295425415039,84.90982055664062,1334.56201171875,50.78493881225586,209.1300811767578
2024-02-19,123.05418395996094,85.42861938476562,1371.90966796875,51.20487594604492,208.47683715820312
2024-02-20,123.37779998779297,86.01658630371094,1344.5213623046875,51.15922927856445,207.82359313964844
2024-02-21,122.93281555175781,85.53237915039062,1331.5740966796875,50.43803024291992,212.2096405029297
2024-02-22,122.48786163330078,84.42561340332031,1320.1671142578125,51.177490234375,211.7430419921875
2024-02-23,121.71928405761719,83.90681457519531,1350.080322265625,51.53352355957031,215.19589233398438
2024-02-26,121.96199798583984,84.28726196289062,1350.5789794921875,51.232261657714844,213.88938903808594
2024-02-27,122.69011688232422,84.39102172851562,1359.5528564453125,51.67045593261719,215.10256958007812
2024-02-28,123.53960418701172,85.42861938476562,1344.596435546875,51.15009689331055,216.222412109375
2024-02-29,124.4295425415039,85.63613891601562,1323.6571044921875,51.332679748535156,217.3422393798828
2024-03-01,123.98457336425781,86.2586898803711,1326.6484375,51.41484069824219,217.99549865722656
2024-03-04,123.94412231445312,86.43162536621094,1330.1383056640625,51.633941650390625,216.6890106201172
2024-03-05,123.86321258544922,85.01358795166016,1340.109375,51.4787483215332,217.06228637695312
2024-03-06,123.98457336425781,84.63312530517578,1338.6136474609375,52.154300689697266,219.11532592773438
2024-03-07,124.95541381835938,84.46019744873047,1349.0833740234375,52.01736068725586,220.04852294921875
2024-03-08,125.56220245361328,85.04816436767578,1346.092041015625,52.026493072509766,221.0750274658203
2024-03-11,123.62051391601562,84.66771697998047,1374.010986328125,52.30949401855469,218.83535766601562
2024-03-12,126.08806610107422,85.63613891601562,1377.002197265625,53.15849304199219,221.9149169921875
2024-03-13,126.49259185791016,85.29026794433594,1377.500732421875,53.41410827636719,222.28819274902344
2024-03-14,126.00715637207031,85.29026794433594,1379.9935302734375,53.48713684082031,223.22140502929688
2024-03-15,125.2790298461914,83.24967193603516,1366.53271484375,54.180946350097656,226.67422485351562
2024-03-18,124.30818176269531,83.24967193603516,1376.503662109375,51.25052261352539,224.3412322998047
2024-03-19,126.33078002929688,84.21808624267578,1366.0341796875,51.652198791503906,224.99449157714844
2024-03-20,126.50545501708984,84.59854125976562,1365.036865234375,52.05387878417969,224.9011688232422
2024-03-21,129.60585021972656,85.449951171875,1390.463134765625,52.56510543823242,229.75379943847656
2024-03-22,129.2128448486328,84.40504455566406,1400.4342041015625,52.40078353881836,229.75379943847656
2024-03-25,128.9945068359375,84.40504455566406,1394.9500732421875,51.8530387878418,224.80783081054688
2024-03-26,130.61021423339844,87.11405181884766,1398.9383544921875,52.437294006347656,225.7410430908203
2024-03-27,127.33513641357422,83.97933959960938,1444.306884765625,52.975914001464844,224.71453857421875
2024-03-28,126.59278106689453,83.78584289550781,1448.295166015625,52.619876861572266,221.82159423828125
2024-04-02,127.59715270996094,83.63104248046875,1435.3330078125,52.69291305541992,222.1015625
2024-04-03,127.7281494140625,83.90193939208984,1423.8662109375,53.29542922973633,221.4483184814453
2024-04-04,128.4268341064453,83.74713897705078,1439.3212890625,52.631919860839844,225.46109008789062
2024-04-05,127.77182006835938,83.94064331054688,1427.8546142578125,51.02455139160156,226.20762634277344
2024-04-08,130.30453491210938,85.68214416503906,1421.8719482421875,51.47312545776367,227.42080688476562
2024-04-09,128.64517211914062,85.21774291992188,1433.3387451171875,51.88431167602539,226.394287109375
2024-04-10,128.33949279785156,84.75334167480469,1446.799560546875,51.36098098754883,227.42080688476562
2024-04-11,127.11679077148438,83.43754577636719,1484.689697265625,51.08062744140625,222.94143676757812
2024-04-12,127.94647979736328,84.75334167480469,1503.6346435546875,50.4825325012207,223.0347442626953
2024-04-15,128.33949279785156,85.06294250488281,1498.150634765625,50.09003829956055,225.7410430908203
2024-04-16,124.27838897705078,83.2827377319336,1488.179443359375,50.96848678588867,221.72828674316406
2024-04-17,125.58843231201172,83.74713897705078,1498.6490478515625,51.304908752441406,223.1280975341797
2024-04-18,126.94212341308594,84.71463775634766,1492.6663818359375,52.20204544067383,223.8746337890625
2024-04-19,126.85479736328125,84.36634063720703,1490.1737060546875,52.61323165893555,221.26168823242188
2024-04-22,128.16482543945312,85.68214416503906,1525.072265625,53.45429611206055,211.46310424804688
2024-04-23,131.04689025878906,87.57845306396484,1517.5938720703125,54.145835876464844,213.98272705078125
2024-04-24,126.24343872070312,77.01331329345703,1539.031982421875,53.603816986083984,213.04953002929688
2024-04-25,125.15174865722656,74.64486694335938,1636.7481689453125,53.62251281738281,207.7303009033203
2024-04-26,126.1124267578125,74.62937927246094,1641.235107421875,53.64120101928711,212.11631774902344
2024-04-29,126.81112670898438,73.9482650756836,1650.7076416015625,52.78144073486328,211.46310424804688
2024-04-30,126.89845275878906,74.4436264038086,1666.661376953125,52.53847122192383,212.9933319091797
2024-05-02,126.24343872070312,74.0256576538086,1649.2120361328125,52.27680206298828,209.35897827148438
2024-05-03,128.20849609375,74.30430603027344,1629.2698974609375,53.061798095703125,210.12411499023438
2024-05-06,130.9595489501953,75.697509765625,1629.2698974609375,53.56644058227539,214.33233642578125
2024-05-07,132.4442596435547,75.77490997314453,1642.232177734375,54.55702590942383,219.49696350097656
2024-05-08,128.81982421875,74.14950561523438,1670.151123046875,54.25798034667969,222.74874877929688
2024-05-10,133.7542724609375,76.08451080322266,1674.6383056640625,54.38881301879883,222.9400634765625
2024-05-13,133.97262573242188,75.77490997314453,1670.151123046875,54.986900329589844,222.3662109375
2024-05-14,133.57962036132812,76.5334243774414,1664.1685791015625,57.86520767211914,223.6095428466797
2024-05-15,133.09927368164062,76.5334243774414,1644.2264404296875,56.127010345458984,224.27902221679688
2024-05-16,132.66259765625,76.33219146728516,1639.7393798828125,57.005455017089844,219.5926055908203
2024-05-17,132.79359436035156,76.50247192382812,1638.7423095703125,57.435333251953125,218.54054260253906
2024-05-20,133.44862365722656,76.9359130859375,1637.7452392578125,57.93996810913086,228.2959747314453
2024-05-21,131.6582489013672,75.72846221923828,1683.6121826171875,58.313777923583984,229.539306640625
2024-05-22,130.87222290039062,75.86779022216797,1678.1279296875,59.7529296875,227.62648010253906
2024-05-23,131.43991088867188,76.25479125976562,1690.0931396484375,59.453887939453125,228.6785430908203
2024-05-24,128.7324981689453,75.62010955810547,1667.6583251953125,59.285675048828125,227.7221221923828
2024-05-27,129.9552001953125,76.00711059570312,1655.1947021484375,59.19221878051758,228.774169921875
2024-05-28,129.99887084960938,76.59535217285156,1615.808837890625,59.30436706542969,226.19186401367188
2024-05-29,128.0774688720703,75.35694885253906,1612.319091796875,58.855796813964844,221.60107421875
2024-05-30,129.08184814453125,75.55818939208984,1620.79443359375,60.388404846191406,220.453369140625
2024-05-31,130.2608642578125,76.34767150878906,1638.2437744140625,60.35102462768555,220.453369140625
2024-06-03,130.82855224609375,77.04427337646484,1647.71630859375,61.11732482910156,215.57565307617188
2024-06-04,128.95083618164062,76.16191101074219,1658.1859130859375,61.21077346801758,212.9933319091797
2024-06-05,130.65390014648438,76.2857437133789,1671.64697265625,61.49113082885742,214.42796325683594
2024-06-07,133.1429443359375,77.55511474609375,1685.606201171875,61.864925384521484,215.0018310546875
2024-06-10,131.9639129638672,76.3631591796875,1684.6092529296875,60.85565948486328,212.03692626953125
2024-06-11,132.22592163085938,76.87399291992188,1657.188720703125,59.84638214111328,210.21974182128906
2024-06-12,135.1516571044922,78.29042053222656,1647.2177734375,59.80900573730469,215.4800262451172
2024-06-13,132.79359436035156,76.73467254638672,1649.2120361328125,58.108184814453125,212.03692626953125
2024-06-14,133.44862365722656,77.59381103515625,1670.649658203125,57.734375,206.29843139648438
2024-06-17,132.79359436035156,77.36935424804688,1654.696044921875,57.902587890625,206.10716247558594
2024-06-18,132.53160095214844,76.85851287841797,1642.232177734375,58.36984634399414,206.5853729248047
2024-06-19,132.6189422607422,76.61083984375,1636.24951171875,58.0521125793457,206.7766571044922
2024-06-20,133.7106170654297,77.24551391601562,1639.2408447265625,58.87448501586914,206.7766571044922
2024-06-24,134.1909637451172,77.9034194946289,1657.188720703125,60.68745040893555,207.82872009277344
2024-06-25,132.5752716064453,76.85851287841797,1671.1483154296875,60.14542770385742,202.7597198486328
2024-06-26,133.1429443359375,77.27647399902344,1669.154052734375,60.369712829589844,203.04664611816406
2024-06-27,134.97698974609375,77.35387420654297,1653.698974609375,61.11732482910156,202.85536193847656
2024-06-28,136.68002319335938,78.13561248779297,1656.191650390625,61.49113082885742,203.1422882080078
2024-07-01,137.8153839111328,78.79351806640625,1654.696044921875,62.70600128173828,205.6289520263672
2024-07-02,134.4093017578125,78.13561248779297,1626.2784423828125,61.864925384521484,203.6204833984375
2024-07-03,136.24334716796875,78.90962219238281,1603.8436279296875,61.69671630859375,204.3856201171875
2024-07-04,137.72804260253906,79.87712097167969,1622.7886962890625,60.94911193847656,204.86383056640625
2024-07-05,136.72369384765625,79.29661560058594,1612.319091796875,61.24815368652344,204.0030517578125
2024-07-08,134.8896484375,78.13561248779297,1623.7857666015625,63.453617095947266,204.1943359375
2024-07-09,133.6669464111328,77.40031433105469,1611.3218994140625,62.98636245727539,200.55996704101562
2024-07-10,134.49664306640625,78.67742156982422,1630.765380859375,63.490997314453125,201.32510375976562
2024-07-11,138.16473388671875,79.72232818603516,1632.26123046875,63.47229766845703,203.52484130859375
2024-07-12,138.9507598876953,79.91582489013672,1671.1483154296875,66.23847198486328,209.74154663085938
2024-07-15,136.24334716796875,79.1805191040039,1657.188720703125,64.38813781738281,208.49819946289062
2024-07-16,139.91143798828125,78.98702239990234,1656.191650390625,66.29454040527344,207.44613647460938
2024-07-17,138.7760772705078,84.5211410522461,1674.1395263671875,66.46275329589844,205.8202362060547
2024-07-18,142.05116271972656,83.2440414428711,1658.1859130859375,66.70572662353516,205.9158935546875
2024-07-19,140.5227813720703,82.77963256835938,1667.159912109375,65.78990173339844,204.1943359375
2024-07-22,142.40049743652344,83.2440414428711,1691.5889892578125,67.00476837158203,206.5853729248047
2024-07-23,142.26950073242188,82.8183364868164,1688.59765625,67.0234603881836,205.724609375
2024-07-24,139.64942932128906,82.27653503417969,1693.0845947265625,66.35061645507812,208.21127319335938
2024-07-25,141.09046936035156,82.58613586425781,1662.6728515625,66.53751373291016,207.73306274414062
2024-07-26,142.26950073242188,83.16663360595703,1692.5859375,67.11690521240234,208.59385681152344
2024-07-29,142.7061767578125,83.59234619140625,1713.0267333984375,67.37857818603516,207.92434692382812
2024-07-30,143.97254943847656,84.17284393310547,1693.0845947265625,68.59346008300781,208.49819946289062
2024-07-31,144.10354614257812,83.74713897705078,1691.5889892578125,68.4626235961914,209.64588928222656
2024-08-01,139.69309997558594,81.46382904052734,1706.5455322265625,68.5186996459961,203.2379150390625
2024-08-02,132.7499237060547,79.02572631835938,1708.0411376953125,66.68704223632812,197.97764587402344
2024-08-05,129.03817749023438,77.51641845703125,1664.6671142578125,64.51896667480469,193.38685607910156
2024-08-06,126.94212341308594,76.48699188232422,1661.17724609375,64.61241149902344,192.33480834960938
2024-08-07,130.39187622070312,77.9034194946289,1681.1192626953125,65.43477630615234,195.0127716064453
2024-08-08,130.91587829589844,78.29042053222656,1690.8714599609375,65.60299682617188,195.58660888671875
2024-08-09,131.74557495117188,78.83222198486328,1704.8375244140625,65.6777572631836,194.82147216796875
2024-08-12,131.6145782470703,79.06442260742188,1719.801025390625,66.42537689208984,193.76942443847656
2024-08-13,132.05123901367188,79.37403106689453,1740.749755859375,66.85525512695312,194.82147216796875
2024-08-14,132.7499237060547,79.95452880859375,1729.2777099609375,67.09822845458984,196.256103515625
2024-08-15,134.6713104248047,80.07062530517578,1780.153564453125,68.55607604980469,200.27304077148438
2024-08-16,135.80667114257812,80.30282592773438,1769.1802978515625,69.43451690673828,199.79483032226562
2024-08-19,136.02500915527344,80.68982696533203,1748.730224609375,69.26630401611328,203.90740966796875
2024-08-20,133.53594970703125,79.10311889648438,1745.23876953125,68.70559692382812,202.9510040283203
2024-08-21,133.18661499023438,79.79972076416016,1726.7838134765625,68.7990493774414,203.1422882080078
2024-08-22,134.14730834960938,80.22543334960938,1740.749755859375,69.60272979736328,204.09869384765625
2024-08-23,135.850341796875,80.99942779541016,1753.7181396484375,70.20082092285156,204.86383056640625
2024-08-26,136.2870330810547,81.23162841796875,1758.705810546875,71.023193359375,205.1507568359375
2024-08-27,135.89401245117188,81.27033233642578,1765.6888427734375,70.53724670410156,203.90740966796875
2024-08-28,137.16038513183594,81.27033233642578,1768.681640625,70.8736572265625,204.7681884765625
2024-08-29,137.42239379882812,81.6186294555664,1783.146240234375,71.11663818359375,208.68948364257812
2024-08-30,137.9900665283203,81.96693420410156,1779.156005859375,71.5091323852539,208.78512573242188
2024-09-02,138.29574584960938,82.39263916015625,1781.151123046875,71.21009063720703,206.87229919433594
2024-09-03,135.76300048828125,81.38643646240234,1776.662109375,71.5091323852539,201.70765686035156
2024-09-04,134.97698974609375,81.50253295898438,1754.715576171875,71.023193359375,194.91712951660156
2024-09-05,137.2040557861328,82.16043090820312,1695.859375,70.83628845214844,192.52609252929688
2024-09-06,135.19532775878906,81.38643646240234,1702.343505859375,69.69617462158203,189.99159240722656
2024-09-09,137.11671447753906,82.08303833007812,1716.3094482421875,70.46248626708984,192.81301879882812
2024-09-10,135.50100708007812,81.07682800292969,1680.3970947265625,70.61200714111328,191.95223999023438
2024-09-11,134.75865173339844,80.6124267578125,1658.949462890625,69.84569549560547,192.90866088867188
2024-09-12,136.02500915527344,80.8446273803711,1624.03466796875,70.27557373046875,195.2040557861328
2024-09-13,136.1123504638672,79.68362426757812,1596.1029052734375,70.92974090576172,197.11688232421875
2024-09-16,136.94203186035156,80.72853088378906,1614.557861328125,70.36903381347656,197.30816650390625
2024-09-17,137.37872314453125,81.6186294555664,1606.07861328125,70.05128479003906,201.70765686035156
2024-09-18,137.11671447753906,81.5799331665039,1594.1077880859375,70.21949768066406,201.89895629882812
2024-09-19,137.55337524414062,82.93444061279297,1601.0908203125,71.30354309082031,208.68948364257812
2024-09-20,137.11671447753906,82.66353607177734,1597.100341796875,72.21936798095703,205.53330993652344
2024-09-23,136.24334716796875,81.92823028564453,1572.66015625,72.7426986694336,204.95947265625
2024-09-24,136.76736450195312,82.39263916015625,1558.195556640625,72.78008270263672,208.02000427246094
2024-09-25,135.6320037841797,82.35393524169922,1565.1783447265625,73.2473373413086,208.59385681152344
2024-09-26,136.98570251464844,82.47003936767578,1581.139404296875,73.54637908935547,216.81898498535156
2024-09-27,135.98133850097656,81.07682800292969,1571.163818359375,72.72401428222656,218.6361846923828
2024-09-30,135.58834838867188,80.68982696533203,1567.6722412109375,71.69603729248047,217.01028442382812
2024-10-01,133.44862365722656,79.95452880859375,1601.5894775390625,71.952880859375,214.2366943359375
2024-10-02,132.1822509765625,80.3802261352539,1625.531005859375,72.92316436767578,214.7148895263672
2024-10-03,130.12986755371094,78.32911682128906,1612.0638427734375,71.99093627929688,211.4630889892578
2024-10-04,131.26522827148438,78.94831848144531,1594.6065673828125,72.73291015625,214.61924743652344
2024-10-07,131.9202423095703,79.29661560058594,1595.1053466796875,73.28463745117188,213.8541259765625
2024-10-08,132.05123901367188,78.98702239990234,1581.139404296875,73.6080551147461,209.26333618164062
2024-10-09,131.74557495117188,78.90962219238281,1591.1151123046875,73.87442779541016,210.3153839111328
2024-10-10,131.87657165527344,78.71611785888672,1592.611328125,73.68415832519531,208.3069305419922
2024-10-11,132.35693359375,78.56131744384766,1592.1126708984375,73.83637237548828,210.79359436035156
2024-10-14,132.6189422607422,78.3678207397461,1618.5482177734375,74.50224304199219,209.74154663085938
2024-10-15,133.0556182861328,78.56131744384766,1609.5699462890625,82.53083801269531,205.8202362060547
2024-10-16,132.48793029785156,77.86471557617188,1641.491943359375,84.0528335571289,206.3940887451172
2024-10-17,135.89401245117188,79.79972076416016,1638.9981689453125,83.23475646972656,205.1507568359375
2024-10-18,135.3699951171875,79.5675277709961,1634.01025390625,84.68067169189453,208.11563110351562
2024-10-21,134.583984375,79.87712097167969,1630.5189208984375,84.90897369384766,203.81178283691406
2024-10-22,135.98133850097656,80.22543334960938,1614.557861328125,84.35723876953125,202.7597198486328
2024-10-23,138.42674255371094,86.61095428466797,1620.04443359375,85.04214477539062,201.42074584960938
2024-10-24,130.82855224609375,84.90814208984375,1598.5968017578125,85.21337127685547,199.41226196289062
2024-10-25,130.65390014648438,86.53355407714844,1590.6163330078125,85.55582427978516,201.8032989501953
2024-10-28,133.18661499023438,86.99795532226562,1602.0882568359375,86.58317565917969,205.53330993652344
2024-10-29,134.27830505371094,86.9205551147461,1596.601806640625,86.67830657958984,204.95947265625
2024-10-30,132.31326293945312,86.14655303955078,1547.7210693359375,86.20267486572266,203.6204833984375
2024-10-31,131.396240234375,85.75955200195312,1516.7965087890625,84.64262390136719,199.89048767089844
2024-11-01,133.623291015625,86.9205551147461,1522.283203125,85.13726806640625,200.94253540039062
2024-11-04,135.58834838867188,88.08155822753906,1527.27099609375,85.06116485595703,200.17739868164062
2024-11-05,135.23899841308594,88.42985534667969,1408.560791015625,84.71871185302734,200.55996704101562
2024-11-06,136.1123504638672,87.38495635986328,1390.6046142578125,84.41431427001953,200.84689331054688
2024-11-07,135.3699951171875,86.7657470703125,1368.658203125,83.65331268310547,207.35049438476562
2024-11-08,134.27830505371094,86.14655303955078,1394.09619140625,84.09088897705078,202.5684356689453
2024-11-11,136.50537109375,86.9205551147461,1403.572998046875,84.16698455810547,203.04664611816406
2024-11-12,132.5752716064453,85.87564849853516,1406.06689453125,83.13963317871094,194.24765014648438
2024-11-13,130.74122619628906,85.449951171875,1422.5267333984375,83.67233276367188,193.38685607910156
2024-11-14,131.9202423095703,86.14655303955078,1436.49267578125,83.71038818359375,194.24765014648438
2024-11-15,132.6189422607422,86.14655303955078,1389.1082763671875,83.15866088867188,195.0127716064453
2024-11-18,132.40060424804688,86.7657470703125,1382.6241455078125,83.82453918457031,195.96917724609375
2024-11-19,130.87222290039062,85.52735137939453,1395.0936279296875,84.28113555908203,193.57814025878906
2024-11-20,131.87657165527344,85.17904663085938,1405.568115234375,83.57720947265625,192.33480834960938
2024-11-21,132.6189422607422,85.60475158691406,1410.05712890625,83.67233276367188,193.48251342773438
2024-11-22,131.74557495117188,85.75955200195312,1458.4390869140625,84.8138427734375,193.76942443847656
2024-11-25,131.48358154296875,85.87564849853516,1445.969482421875,84.85189056396484,194.34327697753906
2024-11-26,130.08619689941406,85.41124725341797,1450.45849609375,85.42264556884766,192.23916625976562
2024-11-27,130.2172088623047,86.53355407714844,1456.44384765625,84.92799377441406,191.66531372070312
2024-11-28,132.05123901367188,88.08155822753906,1468.4146728515625,84.9660415649414,192.43045043945312
2024-11-29,132.31326293945312,87.84935760498047,1467.4171142578125,84.35723876953125,192.90866088867188
2024-12-02,133.53594970703125,89.1651611328125,1468.9134521484375,85.63191986083984,197.30816650390625
2024-12-03,133.7542724609375,90.79057312011719,1503.828125,86.31682586669922,200.36868286132812
2024-12-04,133.1429443359375,90.28746795654297,1457.9403076171875,86.3739013671875,202.09022521972656
2024-12-05,136.50537109375,91.40977478027344,1466.9183349609375,87.47735595703125,202.1858673095703
2024-12-06,135.45733642578125,90.21007537841797,1482.87939453125,86.90660095214844,203.6204833984375
2024-12-09,136.8983612060547,90.32616424560547,1489.363525390625,87.43930053710938,206.3940887451172
2024-12-10,135.850341796875,90.24876403808594,1471.9061279296875,86.84953308105469,204.0030517578125
2024-12-11,135.45733642578125,88.81685638427734,1478.8890380859375,86.29779815673828,203.90740966796875
2024-12-12,135.41366577148438,88.27506256103516,1476.8939208984375,86.56414794921875,200.55996704101562
2024-12-13,135.544677734375,88.31375122070312,1454.947509765625,86.3929214477539,199.41226196289062
2024-12-16,135.3699951171875,88.15896606445312,1458.937744140625,86.27877044677734,195.96917724609375
2024-12-17,134.3656463623047,87.77195739746094,1461.4317626953125,85.47972106933594,196.4473876953125
2024-12-18,134.97698974609375,87.9654541015625,1443.4755859375,86.27877044677734,196.4473876953125
2024-12-19,132.05123901367188,87.34625244140625,1419.533935546875,84.87091827392578,191.28274536132812
2024-12-20,129.86785888671875,86.72705841064453,1429.5096435546875,84.75676727294922,190.3263397216797
2024-12-23,130.5228729248047,87.7332534790039,1450.45849609375,84.87091827392578,190.03941345214844
2024-12-27,132.09490966796875,88.1976547241211,1455.4464111328125,85.42264556884766,190.947998046875
2024-12-30,132.26959228515625,88.39115905761719,1442.976806640625,85.49874114990234,189.65684509277344
